frame_id,cluster_id,n_points,nearest_m,x_min,x_max,x_size,y_min,y_max,y_size,z_min,z_max,z_size
000001,0,4939,2.267014075474563,0.00800000037997961,26.770000457763672,26.762000457383692,-10.0,-2.2669999599456787,7.733000040054321,-1.6312222260015983,1.1169999837875366,2.7482222097891347
000001,1,10,30.724778295876273,29.357999801635742,29.97599983215332,0.6180000305175781,-9.402000427246094,-9.062000274658203,0.3400001525878906,0.30399999022483826,0.6850000023841858,0.38100001215934753
000001,2,30,22.24607198110594,22.138999938964844,24.233999252319336,2.094999313354492,-3.4149999618530273,-2.180000066757202,1.2349998950958252,-1.378999948501587,-0.6899999976158142,0.6889999508857727
000001,3,27,20.79545185812351,20.674999237060547,21.975000381469727,1.3000011444091797,-3.5420000553131104,-2.234999895095825,1.3070001602172852,-1.3960000276565552,-0.7269999980926514,0.6690000295639038
000001,4,16,28.63353883998796,27.933000564575195,28.466999053955078,0.5339984893798828,-7.3450000286102295,-6.295000076293945,1.0499999523162842,-1.0755000114440918,-0.1979999989271164,0.8775000125169754
000001,5,13,20.613821162139327,18.31599998474121,19.735000610351562,1.4190006256103516,-9.786499977111816,-9.458000183105469,0.32849979400634766,-0.3440000116825104,0.03700000047683716,0.38100001215934753
000001,6,11,18.469645288184438,17.34666633605957,18.378999710083008,1.0323333740234375,-7.054999828338623,-6.3420000076293945,0.7129998207092285,-1.2309999465942383,-1.1716666618982952,0.05933328469594312
000011,0,1859,8.24511728920616,0.043999998830258846,25.145000457763672,25.101000458933413,8.244999885559082,9.984999656677246,1.739999771118164,-1.8718999862670898,1.093999981880188,2.9658999681472777
000011,1,268,4.993842293483882,2.591157925756354,6.320000171661377,3.728842245905023,4.269000053405762,5.838833332061768,1.5698332786560059,-1.6713823500801535,-0.37400001287460327,1.2973823372055502
000011,2,152,1.5575080304306146,0.0050000002374872565,2.57150000333786,2.566500003100373,-3.7316667238871255,-1.5575000047683716,2.174166719118754,-1.4555000066757202,0.09233333418766658,1.5478333408633869
000011,3,232,26.70722055772743,25.268999099731445,29.992000579833984,4.723001480102539,8.645999908447266,9.72700023651123,1.0810003280639648,-1.5440000295639038,1.2259999513626099,2.7699999809265137
000011,4,417,23.01225372408016,22.36050033569336,28.03000005086263,5.66949971516927,-9.970999717712402,-5.438000202178955,4.532999515533447,-1.0794999599456787,1.1660000085830688,2.2454999685287476
000011,5,551,5.374041031685392,0.020999999716877937,7.25766658782959,7.236666588112712,-7.583000183105469,-5.374000000953674,2.2090001821517946,-1.7960000038146973,0.4959999918937683,2.2919999957084656
000011,6,14,22.07868541686893,20.569000244140625,21.017000198364258,0.4479999542236328,-8.17733351389567,-8.02400016784668,0.1533333460489903,0.029999999329447746,0.9710000157356262,0.9410000164061785
000011,7,30,17.802802586268964,16.067500114440918,16.621000289916992,0.5535001754760742,7.666499853134155,8.201000213623047,0.5345003604888916,-1.6257499754428864,-0.26649999618530273,1.3592499792575836
000011,8,64,12.649264233023537,11.760000228881836,13.607000350952148,1.8470001220703125,-5.540999889373779,-4.658999919891357,0.8819999694824219,-1.2660000324249268,0.34599998593330383,1.6120000183582306
000011,9,53,10.716058197300816,7.349999904632568,9.473999977111816,2.124000072479248,-9.340999841690063,-7.798166751861572,1.5428330898284912,-1.218999981880188,-0.1889999955892563,1.0299999862909317
000011,10,14,9.480729497779006,4.790333271026611,5.118000030517578,0.3276667594909668,-8.419333140055338,-8.181499799092611,0.23783334096272668,-0.6286666790644327,0.07116666808724403,0.6998333471516768
000011,11,13,11.493860843657737,10.840499877929688,11.149999618530273,0.30949974060058594,-3.9140000343322754,-3.819999933242798,0.09400010108947754,-1.2353333234786987,-0.44999998807907104,0.7853333353996277
000011,12,94,25.355316304976224,25.01300048828125,27.98699951171875,2.9739990234375,4.1523332595825195,5.739999771118164,1.5876665115356445,-1.4144999980926514,0.164000004529953,1.5785000026226044
000011,13,11,15.644641820858094,12.642000198364258,12.746000289916992,0.10400009155273438,-9.333000183105469,-9.215999603271484,0.11700057983398438,-1.0579999685287476,-0.29600000381469727,0.7619999647140503
000011,14,19,14.71972804450366,12.557999610900879,12.970000267028809,0.4120006561279297,-7.926000118255615,-7.678999900817871,0.24700021743774414,-1.0289999842643738,0.7129999995231628,1.7419999837875366
000011,15,10,13.726229260911069,12.2330002784729,12.65399980545044,0.42099952697753906,-6.385999917984009,-6.22599983215332,0.16000008583068848,-1.0779999494552612,-0.4099999964237213,0.6679999530315399
000011,16,52,7.1920627199259535,0.029999999329447746,1.1796666781107585,1.1496666787813108,-9.911499977111816,-7.192000150680542,2.7194998264312744,-0.7355000078678131,-0.1589999943971634,0.5765000134706497
000011,17,13,29.641782510810096,29.35700035095215,29.690000534057617,0.33300018310546875,-4.514999866485596,-4.098999977111816,0.4159998893737793,-1.040499985218048,-0.21299999952316284,0.8274999856948853
000011,18,13,5.554850015670475,5.021999835968018,5.459000110626221,0.4370002746582031,-2.5360000133514404,-2.374000072479248,0.16199994087219238,-1.2699999809265137,-0.6408571430615017,0.629142837865012
000011,19,11,7.048641711627917,6.630000114440918,7.0329999923706055,0.4029998779296875,-2.5369999408721924,-2.3929998874664307,0.14400005340576172,-1.3270000219345093,-0.5429999828338623,0.784000039100647
000011,20,11,8.528146929428852,8.160500049591064,8.4399995803833,0.27949953079223633,-2.5889999866485596,-2.4769999980926514,0.1119999885559082,-1.2886666655540466,-0.5339999794960022,0.7546666860580444
000019,0,604,3.6414642193928692,2.9899999618530275,8.51200008392334,5.522000122070312,2.078499913215637,4.558000087738037,2.4795001745224,-1.934000015258789,0.50450000166893,2.438500016927719
000019,1,2243,5.808727298220433,2.677500009536743,26.4689998626709,23.791499853134155,-9.979999542236328,-5.1548333168029785,4.82516622543335,-1.3537499606609344,1.1100000143051147,2.463749974966049
000019,2,306,6.824476006383912,2.875,8.5649995803833,5.689999580383301,6.189333385891384,9.99899959564209,3.8096662097507057,-1.9679999947547913,0.5818333427111307,2.549833337465922
000019,3,562,0.404730973680382,0.02299999975366518,11.833000183105469,11.810000183351804,-4.172999858856201,-0.40407692469083345,3.7689229341653676,-1.780083328485489,-0.186666672428449,1.59341665605704
000019,4,53,12.71546539474029,9.208499908447266,10.701000213623047,1.4925003051757812,8.768499851226807,9.176666259765625,0.40816640853881836,-0.20600000023841858,0.6176666617393494,0.8236666619777679
000019,5,21,7.842889348030567,0.014999999664723873,0.30799999833106995,0.2929999986663461,7.842875003814697,9.906000137329102,2.0631251335144043,-1.937999963760376,-1.6920000314712524,0.24599993228912354
000019,6,52,27.211613896940968,26.667999267578125,29.67099952697754,3.003000259399414,-5.982999801635742,-5.4120001792907715,0.5709996223449707,-1.3669999837875366,0.16099999845027924,1.5279999822378159
000019,7,53,3.6052143583698637,0.004000000189989805,2.8319999831063405,2.8279999829163507,3.6052121393608325,4.544000053405762,0.9387879140449296,-1.9595555596881442,-1.890909082961805,0.06864647672633928
000019,8,10,6.360298432981968,1.6815000176429749,1.7473000049591065,0.06579998731613168,6.133999824523926,6.3609999020894366,0.22700007756551077,-1.6295555432637532,-0.902999997138977,0.7265555461247761
000019,9,12,6.185400904353115,1.4869999885559082,1.5423333379957411,0.055333349439832924,-6.189000129699707,-6.003999948501587,0.18500018119812012,-1.0695000290870667,-0.414000004529953,0.6555000245571136
000019,10,11,6.198711978250504,0.03724999993573874,0.4466666678587596,0.40941666792302084,6.1986000537872314,6.607666757371691,0.4090667035844593,-1.8017777734332614,-0.9294999837875366,0.8722777896457248
000025,0,2239,2.02128272417876,0.011500000488013029,16.173500061035156,16.162000060547143,2.021250009536743,9.993000030517578,7.971750020980835,-1.599099999666214,0.8119999766349792,2.4110999763011933
000025,1,350,16.295418169383247,15.96999979019165,19.405000686645508,3.4350008964538574,3.240333318710327,7.039999961853027,3.7996666431427,-1.2319999933242798,0.8500000238418579,2.0820000171661377
000025,2,781,8.74741100292655,8.642999649047852,14.710000038146973,6.067000389099121,1.3475000262260437,8.149999618530273,6.80249959230423,-1.5727500319480896,0.728333314259847,2.3010833462079368
000025,3,3270,3.9895011340006934,0.003000000026077032,26.239999771118164,26.236999771092087,-9.98799991607666,-3.9895000060399375,5.998499910036722,-1.6892500072717667,0.9333333373069763,2.622583344578743
000025,4,90,16.71613104482376,16.47800064086914,17.957000732421875,1.4790000915527344,-4.184999942779541,-2.8114999532699585,1.3734999895095825,-1.6019999980926514,-0.24275000020861626,1.359249997884035
000025,5,53,11.272749807180654,9.859999656677246,10.758000373840332,0.8980007171630859,5.4639999071757,7.60099983215332,2.13699992497762,-0.5609999895095825,0.6340000033378601,1.1949999928474426
000025,6,42,28.4849634736024,28.48466682434082,29.540000915527344,1.0553340911865234,0.12999999523162842,2.2750000953674316,2.1450001001358032,-1.4700000286102295,-0.5600000023841858,0.9100000262260437
000025,7,12,30.191171278865443,29.665000915527344,29.97249984741211,0.3074989318847656,5.611999988555908,6.609000205993652,0.9970002174377441,0.3019999861717224,0.6729999780654907,0.3709999918937683
000025,8,51,23.855209837216695,23.629749298095703,24.68199920654297,1.0522499084472656,3.2720000743865967,5.622000217437744,2.3500001430511475,-1.0219999551773071,0.014000000432133675,1.0359999556094408
000025,9,72,2.3788188722978094,0.025000000139698386,1.2100909081372349,1.1850909079975365,2.3786875009536743,3.995199966430664,1.6165124654769896,-1.229714274406433,-0.37299999594688416,0.856714278459549
000025,10,151,2.225416131056299,1.7059999704360962,4.83299994468689,3.1269999742507935,-3.345500111579895,-1.4290000200271606,1.9165000915527344,-1.6653333107630413,-0.3059999942779541,1.3593333164850872
000025,11,30,21.27701282260823,21.051000595092773,22.441999435424805,1.3909988403320312,-3.736999988555908,-3.0929999351501465,0.6440000534057617,-1.5524999499320984,-0.36800000071525574,1.1844999492168427
000025,12,45,25.154358093124717,25.03700065612793,27.264999389648438,2.227998733520508,2.427000045776367,3.7079999446868896,1.2809998989105225,-1.4395000338554382,-0.004999999888241291,1.434500033967197
000025,13,32,27.337883303460114,27.236000061035156,29.964000701904297,2.7280006408691406,2.3580000400543213,3.4619998931884766,1.1039998531341553,-1.4279999732971191,-0.7319999933242798,0.6959999799728394
000025,14,11,28.761844175537878,27.996000289916992,28.93199920654297,0.9359989166259766,-6.920000076293945,-6.5929999351501465,0.32700014114379883,-0.5640000104904175,-0.20499999821186066,0.3590000122785568
000049,0,17,29.118196658506864,28.805999755859375,29.091999053955078,0.2859992980957031,4.25249981880188,4.598999977111816,0.3465001583099365,0.29899999499320984,1.2029999494552612,0.9039999544620514
000049,1,316,5.592865224773094,5.119500041007996,8.894000053405762,3.774500012397766,2.25185717855181,5.536999940872192,3.2851427623203824,-1.5198571681976318,0.4689999967813492,1.988857164978981
000049,2,397,2.615736649491043,0.9303333361943563,5.421000003814697,4.490666667620341,-4.962999979654948,-2.444700002670288,2.51829997698466,-1.659294142442591,-0.09300000220537186,1.5662941402372192
000049,3,236,18.642588470367023,16.450400161743165,27.726999282836914,11.27659912109375,-9.984999656677246,-8.770999908447266,1.2139997482299805,-1.4739999771118164,1.1380000114440918,2.611999988555908
000049,4,125,17.3463423357083,15.831666628519693,18.783000946044922,2.9513343175252285,7.089000225067139,8.855999946594238,1.7669997215270996,-1.1579999923706055,0.05700000002980232,1.2149999924004078
000049,5,117,12.421367338060309,10.184500217437744,13.052000045776367,2.867499828338623,7.111000061035156,8.824000040690104,1.7129999796549473,-1.2269999980926514,0.003600000124424696,1.230599998217076
000049,6,215,12.789672921592473,12.562090960415928,14.442000389099121,1.8799094286831934,2.4020000298817954,5.98799991607666,3.5859998861948648,-1.3730000257492065,0.004000000189989805,1.3770000259391963
000049,7,25,11.093455972963866,7.453999996185303,8.388875007629395,0.9348750114440918,-9.109999656677246,-8.215999603271484,0.8940000534057617,-0.48916666706403095,0.6180000007152557,1.1071666677792866
000049,8,25,18.85246401710921,18.361249923706055,18.749000549316406,0.38775062561035156,4.275500059127808,4.689000129699707,0.4135000705718994,-0.06199999898672104,0.8524999916553497,0.9144999906420708
000049,9,98,9.395164988972438,5.8420000076293945,9.324499607086182,3.482499599456787,7.357999801635742,8.770999908447266,1.4130001068115234,-1.2826666633288066,-0.03920000046491623,1.2434666628638904
000049,10,37,26.389592055229777,26.31399917602539,27.94499969482422,1.6310005187988281,1.996000051498413,3.4830000400543213,1.4869999885559082,-1.1610000133514404,0.164000004529953,1.3250000178813934
000049,11,206,2.4489650381389514,0.01433333350966374,2.718000054359436,2.7036667208497724,2.4489230926220236,4.789000034332275,2.340076941710252,-1.5296363577698215,-0.11624999903142452,1.413386358738397
000049,12,16,28.683368922863824,27.413999557495117,27.75200080871582,0.3380012512207031,-8.642000198364258,-8.438499927520752,0.20350027084350586,-0.5450000166893005,1.1890000104904175,1.734000027179718
000049,13,98,4.148816523058837,2.9978749752044678,4.413000106811523,1.4151251316070557,2.868000030517578,4.760000228881836,1.8920001983642578,-1.512315781492936,0.009999999776482582,1.5223157812694186
000049,14,60,15.71944136155248,15.565999984741211,18.33099937438965,2.7649993896484375,2.1910000443458557,3.236999988555908,1.0459999442100525,-1.3612499833106995,-0.7289999723434448,0.6322500109672546
000049,15,47,10.080989835871756,8.394500255584717,9.824999809265137,1.43049955368042,5.581999778747559,6.745999813079834,1.1640000343322754,-1.3849999904632568,-0.8500000238418579,0.5349999666213989
000049,16,144,8.67433860211174,8.032750129699707,11.605999946594238,3.5732498168945312,-4.718999862670898,-3.2739999294281006,1.4449999332427979,-1.5462499856948853,-0.2603333294391632,1.285916656255722
000049,17,147,7.5796910869488485,2.1579999923706055,4.764999866485596,2.6069998741149902,7.265999794006348,8.95300006866455,1.6870002746582031,-1.4299999475479126,-0.14833333591620126,1.2816666116317113
000049,18,81,20.182249546051025,20.182249546051025,21.040000915527344,0.8577513694763184,-1.2269999980926514,0.4790000021457672,1.7060000002384186,-1.3510000109672546,-0.08566666891177495,1.2653333420554798
000049,19,126,18.699131459264734,18.408499717712402,22.106000900268555,3.6975011825561523,-5.021999994913737,-3.2839999198913574,1.7380000750223799,-1.3580000400543213,0.27000001072883606,1.6280000507831573
000049,20,143,13.640506357293239,13.24300012588501,16.762499809265137,3.5194996833801273,-4.789000034332275,-3.2690000534057617,1.5199999809265137,-1.4639999866485596,-0.2639999985694885,1.199999988079071
000049,21,18,15.177205248829301,13.445666948954264,13.826000213623047,0.38033326466878314,7.039999961853027,7.260000228881836,0.2200002670288086,-1.2940000295639038,-0.20000000298023224,1.0940000265836716
000049,22,28,23.925535501508193,23.771333694458008,24.914000511169434,1.1426668167114258,2.7119998931884766,3.429333289464315,0.7173333962758384,-1.156000018119812,0.013333333656191826,1.1693333517760038
000049,23,14,21.728500628265206,21.3799991607666,22.32200050354004,0.9420013427734375,3.875999927520752,4.7870001792907715,0.9110002517700195,-0.27000001072883606,0.032999999821186066,0.3030000105500221
000049,24,58,20.82354111605612,20.600000381469727,21.746000289916992,1.1459999084472656,3.0429999828338623,4.4670000076293945,1.4240000247955322,-1.159000039100647,0.03749999962747097,1.196500038728118
000049,25,89,12.665314878500467,10.16450023651123,13.251999855041504,3.0874996185302734,-9.951000213623047,-7.555999994277954,2.3950002193450928,-1.6480000019073486,-1.4639999866485596,0.18400001525878906
000049,26,11,16.70625784764851,14.216749906539917,14.560999870300293,0.344249963760376,-9.949000358581543,-8.77399984995524,1.1750005086263027,-1.6399999856948853,-1.5456666946411133,0.09433329105377197
000049,27,15,26.73065484982211,25.709999084472656,26.56100082397461,0.8510017395019531,7.315999984741211,8.585000038146973,1.2690000534057617,-0.18299999833106995,0.164000004529953,0.34700000286102295
000049,28,10,22.96291190413738,21.64833386739095,22.229999542236328,0.5816656748453788,7.6579999923706055,8.407666524251303,0.7496665318806972,-0.12399999797344208,0.17100000381469727,0.29500000178813934
