eps,gt_index,gt_class,n_non_ground_in_gt,dominant_cluster,dominant_count,dominant_fraction,n_roi_in_gt,n_voxel_in_gt,noise_count
0.6,0,Pedestrian,43,8,43,1.0,151,46,0
0.6,1,Pedestrian,10,-1,8,0.8,35,16,8
0.6,2,Car,101,12,91,0.900990099009901,208,120,10
0.6,3,Pedestrian,0,-1,0,nan,0,0,0
0.6,4,Car,263,1,263,1.0,3251,321,0
0.6,5,Pedestrian,28,7,28,1.0,81,31,0
0.3,0,Pedestrian,43,33,25,0.5813953488372093,151,46,9
0.3,1,Pedestrian,10,-1,10,1.0,35,16,10
0.3,2,Car,101,-1,101,1.0,208,120,101
0.3,3,Pedestrian,0,-1,0,nan,0,0,0
0.3,4,Car,263,1,155,0.5893536121673004,3251,321,80
0.3,5,Pedestrian,28,7,24,0.8571428571428571,81,31,4
0.2,0,Pedestrian,43,-1,43,1.0,151,46,43
0.2,1,Pedestrian,10,-1,10,1.0,35,16,10
0.2,2,Car,101,-1,101,1.0,208,120,101
0.2,3,Pedestrian,0,-1,0,nan,0,0,0
0.2,4,Car,263,-1,263,1.0,3251,321,263
0.2,5,Pedestrian,28,-1,28,1.0,81,31,28
