sweep,value,frame_id,repeat,latency_ms
ground,0.1,000001,1,59.4353
ground,0.1,000001,2,58.5845
ground,0.1,000001,3,59.3286
ground,0.1,000001,4,60.1283
ground,0.1,000001,5,59.2246
ground,0.1,000001,6,61.238
ground,0.1,000001,7,61.4154
ground,0.1,000001,8,61.3921
ground,0.1,000001,9,60.9165
ground,0.1,000001,10,62.1313
ground,0.1,000001,11,60.7062
ground,0.1,000001,12,62.6098
ground,0.1,000001,13,65.0568
ground,0.1,000001,14,66.9257
ground,0.1,000001,15,65.5282
ground,0.1,000001,16,63.0017
ground,0.1,000001,17,60.1093
ground,0.1,000001,18,59.9018
ground,0.1,000001,19,64.0086
ground,0.1,000001,20,61.2459
ground,0.1,000011,1,47.5167
ground,0.1,000011,2,47.5201
ground,0.1,000011,3,46.4525
ground,0.1,000011,4,47.1706
ground,0.1,000011,5,43.5605
ground,0.1,000011,6,44.4738
ground,0.1,000011,7,43.8667
ground,0.1,000011,8,44.355
ground,0.1,000011,9,44.2014
ground,0.1,000011,10,47.4747
ground,0.1,000011,11,46.6398
ground,0.1,000011,12,44.2997
ground,0.1,000011,13,43.7805
ground,0.1,000011,14,43.7814
ground,0.1,000011,15,43.9435
ground,0.1,000011,16,43.7072
ground,0.1,000011,17,44.0533
ground,0.1,000011,18,48.2688
ground,0.1,000011,19,45.3305
ground,0.1,000011,20,44.3606
ground,0.1,000019,1,50.6023
ground,0.1,000019,2,50.003
ground,0.1,000019,3,48.2333
ground,0.1,000019,4,48.1434
ground,0.1,000019,5,48.082
ground,0.1,000019,6,48.1334
ground,0.1,000019,7,51.8358
ground,0.1,000019,8,52.7534
ground,0.1,000019,9,51.7189
ground,0.1,000019,10,53.4868
ground,0.1,000019,11,49.7138
ground,0.1,000019,12,48.1412
ground,0.1,000019,13,47.5665
ground,0.1,000019,14,48.8774
ground,0.1,000019,15,47.0326
ground,0.1,000019,16,48.2244
ground,0.1,000019,17,48.3298
ground,0.1,000019,18,48.4672
ground,0.1,000019,19,48.3479
ground,0.1,000019,20,51.5929
ground,0.1,000025,1,76.5209
ground,0.1,000025,2,74.651
ground,0.1,000025,3,75.6919
ground,0.1,000025,4,76.3439
ground,0.1,000025,5,75.8565
ground,0.1,000025,6,75.7606
ground,0.1,000025,7,76.4698
ground,0.1,000025,8,75.9799
ground,0.1,000025,9,75.1638
ground,0.1,000025,10,74.7794
ground,0.1,000025,11,76.2968
ground,0.1,000025,12,75.5769
ground,0.1,000025,13,75.5445
ground,0.1,000025,14,77.7305
ground,0.1,000025,15,79.4476
ground,0.1,000025,16,76.9629
ground,0.1,000025,17,80.0077
ground,0.1,000025,18,80.1163
ground,0.1,000025,19,81.3434
ground,0.1,000025,20,75.6972
ground,0.1,000049,1,36.1425
ground,0.1,000049,2,35.9574
ground,0.1,000049,3,37.3565
ground,0.1,000049,4,37.3798
ground,0.1,000049,5,37.4928
ground,0.1,000049,6,37.6265
ground,0.1,000049,7,37.9083
ground,0.1,000049,8,37.6352
ground,0.1,000049,9,37.4011
ground,0.1,000049,10,38.1185
ground,0.1,000049,11,37.7891
ground,0.1,000049,12,37.7393
ground,0.1,000049,13,40.3142
ground,0.1,000049,14,40.258
ground,0.1,000049,15,38.7184
ground,0.1,000049,16,39.0033
ground,0.1,000049,17,40.5902
ground,0.1,000049,18,40.4663
ground,0.1,000049,19,39.3162
ground,0.1,000049,20,39.5577
ground,0.2,000001,1,61.8821
ground,0.2,000001,2,61.9732
ground,0.2,000001,3,60.0399
ground,0.2,000001,4,58.6628
ground,0.2,000001,5,57.9752
ground,0.2,000001,6,59.935
ground,0.2,000001,7,61.4159
ground,0.2,000001,8,61.9508
ground,0.2,000001,9,64.1951
ground,0.2,000001,10,60.1223
ground,0.2,000001,11,57.1828
ground,0.2,000001,12,57.5831
ground,0.2,000001,13,59.1662
ground,0.2,000001,14,59.8652
ground,0.2,000001,15,58.6415
ground,0.2,000001,16,60.0652
ground,0.2,000001,17,59.9063
ground,0.2,000001,18,60.1522
ground,0.2,000001,19,60.8757
ground,0.2,000001,20,59.2676
ground,0.2,000011,1,45.3721
ground,0.2,000011,2,44.5503
ground,0.2,000011,3,43.2473
ground,0.2,000011,4,44.4789
ground,0.2,000011,5,43.1132
ground,0.2,000011,6,44.5591
ground,0.2,000011,7,46.0855
ground,0.2,000011,8,46.8957
ground,0.2,000011,9,47.6413
ground,0.2,000011,10,47.2933
ground,0.2,000011,11,47.8328
ground,0.2,000011,12,49.6618
ground,0.2,000011,13,48.4919
ground,0.2,000011,14,47.8781
ground,0.2,000011,15,48.3809
ground,0.2,000011,16,48.1601
ground,0.2,000011,17,48.6373
ground,0.2,000011,18,49.1185
ground,0.2,000011,19,48.2703
ground,0.2,000011,20,48.4988
ground,0.2,000019,1,51.3493
ground,0.2,000019,2,50.0421
ground,0.2,000019,3,49.391
ground,0.2,000019,4,49.3986
ground,0.2,000019,5,48.318
ground,0.2,000019,6,49.264
ground,0.2,000019,7,49.545
ground,0.2,000019,8,50.0476
ground,0.2,000019,9,48.7758
ground,0.2,000019,10,50.0
ground,0.2,000019,11,54.0655
ground,0.2,000019,12,48.2855
ground,0.2,000019,13,46.2995
ground,0.2,000019,14,43.2029
ground,0.2,000019,15,43.2456
ground,0.2,000019,16,43.2474
ground,0.2,000019,17,43.6377
ground,0.2,000019,18,42.8556
ground,0.2,000019,19,42.9152
ground,0.2,000019,20,43.6131
ground,0.2,000025,1,75.5073
ground,0.2,000025,2,74.1181
ground,0.2,000025,3,73.9527
ground,0.2,000025,4,74.2046
ground,0.2,000025,5,75.7999
ground,0.2,000025,6,77.4895
ground,0.2,000025,7,79.0779
ground,0.2,000025,8,79.2403
ground,0.2,000025,9,75.4426
ground,0.2,000025,10,76.0357
ground,0.2,000025,11,78.9465
ground,0.2,000025,12,78.1931
ground,0.2,000025,13,82.658
ground,0.2,000025,14,81.289
ground,0.2,000025,15,80.051
ground,0.2,000025,16,77.6675
ground,0.2,000025,17,76.4963
ground,0.2,000025,18,79.0995
ground,0.2,000025,19,78.6552
ground,0.2,000025,20,74.7518
ground,0.2,000049,1,35.9564
ground,0.2,000049,2,39.1436
ground,0.2,000049,3,39.6186
ground,0.2,000049,4,36.1495
ground,0.2,000049,5,36.8654
ground,0.2,000049,6,40.6711
ground,0.2,000049,7,38.8053
ground,0.2,000049,8,38.659
ground,0.2,000049,9,36.9517
ground,0.2,000049,10,37.2153
ground,0.2,000049,11,37.7906
ground,0.2,000049,12,41.287
ground,0.2,000049,13,36.6952
ground,0.2,000049,14,37.1335
ground,0.2,000049,15,37.1431
ground,0.2,000049,16,37.2948
ground,0.2,000049,17,39.0683
ground,0.2,000049,18,37.6562
ground,0.2,000049,19,37.1073
ground,0.2,000049,20,41.7097
ground,0.3,000001,1,55.6462
ground,0.3,000001,2,55.6632
ground,0.3,000001,3,55.4401
ground,0.3,000001,4,54.5408
ground,0.3,000001,5,55.1777
ground,0.3,000001,6,55.0337
ground,0.3,000001,7,55.256
ground,0.3,000001,8,54.9407
ground,0.3,000001,9,55.6591
ground,0.3,000001,10,55.1354
ground,0.3,000001,11,54.9275
ground,0.3,000001,12,54.6507
ground,0.3,000001,13,54.106
ground,0.3,000001,14,55.469
ground,0.3,000001,15,54.1776
ground,0.3,000001,16,55.2271
ground,0.3,000001,17,57.1426
ground,0.3,000001,18,58.0193
ground,0.3,000001,19,54.2233
ground,0.3,000001,20,55.2115
ground,0.3,000011,1,43.0218
ground,0.3,000011,2,42.7735
ground,0.3,000011,3,46.166
ground,0.3,000011,4,46.1131
ground,0.3,000011,5,48.5616
ground,0.3,000011,6,42.4195
ground,0.3,000011,7,42.0754
ground,0.3,000011,8,42.5295
ground,0.3,000011,9,42.4464
ground,0.3,000011,10,41.6446
ground,0.3,000011,11,40.8505
ground,0.3,000011,12,41.3133
ground,0.3,000011,13,41.6764
ground,0.3,000011,14,41.7728
ground,0.3,000011,15,41.496
ground,0.3,000011,16,41.5944
ground,0.3,000011,17,44.1569
ground,0.3,000011,18,44.6243
ground,0.3,000011,19,46.8521
ground,0.3,000011,20,43.1388
ground,0.3,000019,1,41.5214
ground,0.3,000019,2,41.1735
ground,0.3,000019,3,41.6228
ground,0.3,000019,4,41.0053
ground,0.3,000019,5,42.4653
ground,0.3,000019,6,41.3735
ground,0.3,000019,7,42.4258
ground,0.3,000019,8,42.0892
ground,0.3,000019,9,41.9736
ground,0.3,000019,10,42.366
ground,0.3,000019,11,42.6229
ground,0.3,000019,12,40.9861
ground,0.3,000019,13,42.6665
ground,0.3,000019,14,42.1995
ground,0.3,000019,15,64.8372
ground,0.3,000019,16,76.1195
ground,0.3,000019,17,60.8502
ground,0.3,000019,18,65.5454
ground,0.3,000019,19,58.8588
ground,0.3,000019,20,51.7729
ground,0.3,000025,1,86.4948
ground,0.3,000025,2,82.8452
ground,0.3,000025,3,82.237
ground,0.3,000025,4,99.2149
ground,0.3,000025,5,88.677
ground,0.3,000025,6,84.8256
ground,0.3,000025,7,82.7847
ground,0.3,000025,8,77.9511
ground,0.3,000025,9,76.339
ground,0.3,000025,10,73.9699
ground,0.3,000025,11,76.4626
ground,0.3,000025,12,73.7392
ground,0.3,000025,13,73.8761
ground,0.3,000025,14,73.9196
ground,0.3,000025,15,72.2161
ground,0.3,000025,16,73.6135
ground,0.3,000025,17,73.6004
ground,0.3,000025,18,73.6354
ground,0.3,000025,19,73.6688
ground,0.3,000025,20,74.0082
ground,0.3,000049,1,34.1547
ground,0.3,000049,2,34.3146
ground,0.3,000049,3,34.916
ground,0.3,000049,4,35.0968
ground,0.3,000049,5,35.5106
ground,0.3,000049,6,35.2871
ground,0.3,000049,7,35.4699
ground,0.3,000049,8,35.5346
ground,0.3,000049,9,35.7014
ground,0.3,000049,10,35.5922
ground,0.3,000049,11,35.5374
ground,0.3,000049,12,37.1572
ground,0.3,000049,13,43.7369
ground,0.3,000049,14,38.5151
ground,0.3,000049,15,36.9218
ground,0.3,000049,16,35.618
ground,0.3,000049,17,35.9581
ground,0.3,000049,18,36.0758
ground,0.3,000049,19,35.6999
ground,0.3,000049,20,35.8146
voxel,0.1,000001,1,354.2351
voxel,0.1,000001,2,339.6418
voxel,0.1,000001,3,345.8696
voxel,0.1,000001,4,341.8263
voxel,0.1,000001,5,329.0478
voxel,0.1,000001,6,333.5238
voxel,0.1,000001,7,331.6616
voxel,0.1,000001,8,329.8822
voxel,0.1,000001,9,325.8268
voxel,0.1,000001,10,327.4313
voxel,0.1,000001,11,323.4044
voxel,0.1,000001,12,363.9137
voxel,0.1,000001,13,329.0203
voxel,0.1,000001,14,334.3944
voxel,0.1,000001,15,342.6969
voxel,0.1,000001,16,331.0805
voxel,0.1,000001,17,331.7521
voxel,0.1,000001,18,324.1688
voxel,0.1,000001,19,325.4892
voxel,0.1,000001,20,329.8064
voxel,0.1,000011,1,271.5921
voxel,0.1,000011,2,270.6103
voxel,0.1,000011,3,284.7633
voxel,0.1,000011,4,275.6476
voxel,0.1,000011,5,292.5893
voxel,0.1,000011,6,292.0109
voxel,0.1,000011,7,290.3817
voxel,0.1,000011,8,265.926
voxel,0.1,000011,9,264.5259
voxel,0.1,000011,10,265.9406
voxel,0.1,000011,11,266.9354
voxel,0.1,000011,12,270.9069
voxel,0.1,000011,13,280.3367
voxel,0.1,000011,14,294.44
voxel,0.1,000011,15,371.0176
voxel,0.1,000011,16,304.697
voxel,0.1,000011,17,295.4196
voxel,0.1,000011,18,293.0675
voxel,0.1,000011,19,272.3773
voxel,0.1,000011,20,283.2711
voxel,0.1,000019,1,304.1194
voxel,0.1,000019,2,314.4494
voxel,0.1,000019,3,313.8035
voxel,0.1,000019,4,304.1129
voxel,0.1,000019,5,310.3855
voxel,0.1,000019,6,297.9758
voxel,0.1,000019,7,288.0606
voxel,0.1,000019,8,285.602
voxel,0.1,000019,9,285.0211
voxel,0.1,000019,10,292.5961
voxel,0.1,000019,11,293.5618
voxel,0.1,000019,12,289.1234
voxel,0.1,000019,13,281.5052
voxel,0.1,000019,14,284.1432
voxel,0.1,000019,15,294.2671
voxel,0.1,000019,16,307.4346
voxel,0.1,000019,17,312.7001
voxel,0.1,000019,18,353.2261
voxel,0.1,000019,19,392.2463
voxel,0.1,000019,20,416.2259
voxel,0.1,000025,1,641.2488
voxel,0.1,000025,2,484.1983
voxel,0.1,000025,3,500.472
voxel,0.1,000025,4,507.7918
voxel,0.1,000025,5,514.155
voxel,0.1,000025,6,483.0991
voxel,0.1,000025,7,481.309
voxel,0.1,000025,8,448.1488
voxel,0.1,000025,9,428.0343
voxel,0.1,000025,10,449.6866
voxel,0.1,000025,11,425.3393
voxel,0.1,000025,12,436.3477
voxel,0.1,000025,13,431.7012
voxel,0.1,000025,14,416.9522
voxel,0.1,000025,15,482.0182
voxel,0.1,000025,16,413.8775
voxel,0.1,000025,17,411.259
voxel,0.1,000025,18,405.4823
voxel,0.1,000025,19,422.3562
voxel,0.1,000025,20,441.9647
voxel,0.1,000049,1,185.4727
voxel,0.1,000049,2,191.9757
voxel,0.1,000049,3,192.2189
voxel,0.1,000049,4,186.5541
voxel,0.1,000049,5,188.9795
voxel,0.1,000049,6,189.2823
voxel,0.1,000049,7,187.5108
voxel,0.1,000049,8,186.8981
voxel,0.1,000049,9,195.6245
voxel,0.1,000049,10,185.3814
voxel,0.1,000049,11,184.4124
voxel,0.1,000049,12,191.7412
voxel,0.1,000049,13,192.4912
voxel,0.1,000049,14,222.7053
voxel,0.1,000049,15,195.6554
voxel,0.1,000049,16,186.3459
voxel,0.1,000049,17,187.3943
voxel,0.1,000049,18,186.6176
voxel,0.1,000049,19,184.1522
voxel,0.1,000049,20,184.5476
voxel,0.2,000001,1,123.5614
voxel,0.2,000001,2,121.7391
voxel,0.2,000001,3,122.2215
voxel,0.2,000001,4,126.7056
voxel,0.2,000001,5,125.6333
voxel,0.2,000001,6,118.2744
voxel,0.2,000001,7,122.4826
voxel,0.2,000001,8,120.1876
voxel,0.2,000001,9,130.642
voxel,0.2,000001,10,133.3708
voxel,0.2,000001,11,132.7745
voxel,0.2,000001,12,127.6831
voxel,0.2,000001,13,145.9971
voxel,0.2,000001,14,141.0632
voxel,0.2,000001,15,142.8648
voxel,0.2,000001,16,141.2405
voxel,0.2,000001,17,136.9836
voxel,0.2,000001,18,135.7878
voxel,0.2,000001,19,130.7118
voxel,0.2,000001,20,124.2454
voxel,0.2,000011,1,100.394
voxel,0.2,000011,2,95.9131
voxel,0.2,000011,3,94.9672
voxel,0.2,000011,4,96.4865
voxel,0.2,000011,5,101.8951
voxel,0.2,000011,6,102.6918
voxel,0.2,000011,7,98.2056
voxel,0.2,000011,8,96.982
voxel,0.2,000011,9,93.631
voxel,0.2,000011,10,93.9842
voxel,0.2,000011,11,94.5694
voxel,0.2,000011,12,96.6007
voxel,0.2,000011,13,95.0635
voxel,0.2,000011,14,98.6761
voxel,0.2,000011,15,94.9499
voxel,0.2,000011,16,93.1229
voxel,0.2,000011,17,93.5021
voxel,0.2,000011,18,95.4351
voxel,0.2,000011,19,95.4961
voxel,0.2,000011,20,94.2552
voxel,0.2,000019,1,103.4888
voxel,0.2,000019,2,100.3145
voxel,0.2,000019,3,91.2038
voxel,0.2,000019,4,91.7574
voxel,0.2,000019,5,95.4501
voxel,0.2,000019,6,92.4052
voxel,0.2,000019,7,91.7682
voxel,0.2,000019,8,90.9486
voxel,0.2,000019,9,90.4713
voxel,0.2,000019,10,91.6923
voxel,0.2,000019,11,91.9504
voxel,0.2,000019,12,92.4022
voxel,0.2,000019,13,92.6417
voxel,0.2,000019,14,92.9567
voxel,0.2,000019,15,95.5338
voxel,0.2,000019,16,123.2193
voxel,0.2,000019,17,101.2962
voxel,0.2,000019,18,101.6309
voxel,0.2,000019,19,106.5395
voxel,0.2,000019,20,104.2613
voxel,0.2,000025,1,142.2067
voxel,0.2,000025,2,147.103
voxel,0.2,000025,3,140.1265
voxel,0.2,000025,4,155.6274
voxel,0.2,000025,5,159.4583
voxel,0.2,000025,6,155.0547
voxel,0.2,000025,7,148.3279
voxel,0.2,000025,8,151.4595
voxel,0.2,000025,9,148.7066
voxel,0.2,000025,10,174.2041
voxel,0.2,000025,11,185.8845
voxel,0.2,000025,12,181.0912
voxel,0.2,000025,13,184.198
voxel,0.2,000025,14,463.261
voxel,0.2,000025,15,147.4251
voxel,0.2,000025,16,143.4096
voxel,0.2,000025,17,143.6965
voxel,0.2,000025,18,136.459
voxel,0.2,000025,19,138.2932
voxel,0.2,000025,20,140.6868
voxel,0.2,000049,1,77.1474
voxel,0.2,000049,2,77.5877
voxel,0.2,000049,3,78.38
voxel,0.2,000049,4,80.234
voxel,0.2,000049,5,82.1618
voxel,0.2,000049,6,81.7842
voxel,0.2,000049,7,79.0346
voxel,0.2,000049,8,83.8127
voxel,0.2,000049,9,84.0846
voxel,0.2,000049,10,80.6938
voxel,0.2,000049,11,80.0151
voxel,0.2,000049,12,78.021
voxel,0.2,000049,13,79.5508
voxel,0.2,000049,14,79.4747
voxel,0.2,000049,15,77.267
voxel,0.2,000049,16,78.3914
voxel,0.2,000049,17,78.5551
voxel,0.2,000049,18,81.1202
voxel,0.2,000049,19,85.4825
voxel,0.2,000049,20,78.7768
voxel,0.4,000001,1,57.6232
voxel,0.4,000001,2,55.3112
voxel,0.4,000001,3,57.4445
voxel,0.4,000001,4,59.1117
voxel,0.4,000001,5,57.8361
voxel,0.4,000001,6,62.7966
voxel,0.4,000001,7,64.132
voxel,0.4,000001,8,51.377
voxel,0.4,000001,9,51.2524
voxel,0.4,000001,10,51.746
voxel,0.4,000001,11,50.9698
voxel,0.4,000001,12,51.236
voxel,0.4,000001,13,49.9705
voxel,0.4,000001,14,50.874
voxel,0.4,000001,15,56.8968
voxel,0.4,000001,16,65.288
voxel,0.4,000001,17,68.1309
voxel,0.4,000001,18,60.7434
voxel,0.4,000001,19,62.6588
voxel,0.4,000001,20,74.1398
voxel,0.4,000011,1,79.4655
voxel,0.4,000011,2,84.1449
voxel,0.4,000011,3,70.7596
voxel,0.4,000011,4,58.9379
voxel,0.4,000011,5,56.1975
voxel,0.4,000011,6,51.1571
voxel,0.4,000011,7,53.0906
voxel,0.4,000011,8,53.5089
voxel,0.4,000011,9,53.5585
voxel,0.4,000011,10,52.3273
voxel,0.4,000011,11,50.7101
voxel,0.4,000011,12,49.738
voxel,0.4,000011,13,49.4154
voxel,0.4,000011,14,49.9952
voxel,0.4,000011,15,48.9763
voxel,0.4,000011,16,48.6116
voxel,0.4,000011,17,47.5306
voxel,0.4,000011,18,47.7425
voxel,0.4,000011,19,47.8068
voxel,0.4,000011,20,48.1492
voxel,0.4,000019,1,59.3861
voxel,0.4,000019,2,54.3127
voxel,0.4,000019,3,55.3591
voxel,0.4,000019,4,56.3761
voxel,0.4,000019,5,50.7443
voxel,0.4,000019,6,49.3543
voxel,0.4,000019,7,47.0967
voxel,0.4,000019,8,47.7584
voxel,0.4,000019,9,49.2283
voxel,0.4,000019,10,45.4767
voxel,0.4,000019,11,46.0046
voxel,0.4,000019,12,48.0955
voxel,0.4,000019,13,45.4837
voxel,0.4,000019,14,44.6505
voxel,0.4,000019,15,43.6158
voxel,0.4,000019,16,41.616
voxel,0.4,000019,17,41.3626
voxel,0.4,000019,18,41.8494
voxel,0.4,000019,19,42.1055
voxel,0.4,000019,20,41.7658
voxel,0.4,000025,1,52.7079
voxel,0.4,000025,2,52.2754
voxel,0.4,000025,3,51.2773
voxel,0.4,000025,4,51.2451
voxel,0.4,000025,5,51.0594
voxel,0.4,000025,6,51.3029
voxel,0.4,000025,7,51.4837
voxel,0.4,000025,8,51.8965
voxel,0.4,000025,9,51.5037
voxel,0.4,000025,10,51.961
voxel,0.4,000025,11,51.9471
voxel,0.4,000025,12,51.4307
voxel,0.4,000025,13,52.4038
voxel,0.4,000025,14,53.3511
voxel,0.4,000025,15,57.9278
voxel,0.4,000025,16,82.42
voxel,0.4,000025,17,101.589
voxel,0.4,000025,18,81.3042
voxel,0.4,000025,19,61.7942
voxel,0.4,000025,20,62.211
voxel,0.4,000049,1,48.7986
voxel,0.4,000049,2,45.2393
voxel,0.4,000049,3,48.1929
voxel,0.4,000049,4,52.8406
voxel,0.4,000049,5,46.4295
voxel,0.4,000049,6,58.8009
voxel,0.4,000049,7,50.976
voxel,0.4,000049,8,46.9317
voxel,0.4,000049,9,43.166
voxel,0.4,000049,10,43.6435
voxel,0.4,000049,11,42.8888
voxel,0.4,000049,12,41.4687
voxel,0.4,000049,13,37.7765
voxel,0.4,000049,14,39.794
voxel,0.4,000049,15,38.0978
voxel,0.4,000049,16,38.4294
voxel,0.4,000049,17,40.047
voxel,0.4,000049,18,41.3604
voxel,0.4,000049,19,41.8359
voxel,0.4,000049,20,41.9635
