sweep,value,frame_id,voxel,threshold,eps,min_points,seed,iterations,n_raw,n_invalid,n_roi,n_voxel,n_ground,n_non_ground,ground_valid,plane_tilt_deg,n_clusters,n_noise,nearest_m,no_cluster,latency_p50_ms,latency_p95_ms,geometry_sha256
ground,0.1,000001,0.2,0.1,0.6,10,42,1000,120268,0,47839,8887,3535,5352,True,0.6675419435245514,7,306,2.267014075474563,False,61.24195,65.598075,66fa12c5347b7dc077aa0703da77fcc553aed29435915e7ccbf828f4b526f844
ground,0.1,000011,0.2,0.1,0.6,10,42,1000,108004,0,52222,8031,3990,4041,True,2.0347477580078808,21,140,1.5575080304306146,False,44.3578,47.557535,79c2287206bc8f06b6851187b40c1c6108c6cb90a13f6e8489511dae96cde695
ground,0.1,000019,0.2,0.1,0.6,10,42,1000,115697,0,49770,6991,2899,4092,True,2.6103980114929795,11,165,0.404730973680382,False,48.40755,52.79007,e5bb008e0b1459adb27dde47e4bfbb2c1d4f769d2f04134f06790adfd5a2ae57
ground,0.1,000025,0.2,0.1,0.6,10,42,1000,115780,0,52511,9111,1725,7386,True,0.6427596982430052,15,157,2.02128272417876,False,76.13835,80.177655,ceedcfb9e3c7a75b9ada5e6d5a9fa2d2a2121c440d1f17a6d8c8e18177bacb6f
ground,0.1,000049,0.2,0.1,0.6,10,42,1000,113691,0,41301,5537,2499,3038,True,1.5193326731371284,29,119,2.4489650381389514,False,37.848699999999994,40.472494999999995,6b11721067b191913df3e282ff52ad5898721a546ef804af9d2edee5f60be300
ground,0.2,000001,0.2,0.2,0.6,10,42,1000,120268,0,47839,8887,3970,4917,True,0.6675419435245514,7,181,2.397013424371134,False,59.98745,62.084295,6289ea8e04d76fbb894b236e9cc795dfb415845b77cf36d322a22f3b996ae8d3
ground,0.2,000011,0.2,0.2,0.6,10,42,1000,108004,0,52222,8031,4229,3802,True,2.0347477580078808,21,98,1.5575080304306146,False,47.737049999999996,49.145665,45c0a7dad73e34bd3555e36ee22c1ad354d5a804c68f70c1fa54c919c99f7712
ground,0.2,000019,0.2,0.2,0.6,10,42,1000,115697,0,49770,6991,3818,3173,True,2.6103980114929795,9,65,3.6414642193928692,False,48.546899999999994,51.48511,3312b76579c7b4d281db029fa813a3f352adbfb5927f1e863fcd733ce6be4a1a
ground,0.2,000025,0.2,0.2,0.6,10,42,1000,115780,0,52511,9111,1963,7148,True,0.6427596982430052,19,121,2.225416131056299,False,77.5785,81.35745,a326cdcd3ba3b3fba351cbe5a543c77230742768d5b2084eed389e8d7cfffc1f
ground,0.2,000049,0.2,0.2,0.6,10,42,1000,113691,0,41301,5537,2706,2831,True,1.5193326731371284,28,111,2.4489650381389514,False,37.4755,41.308135,dee62533623c5614047fcbb31e30a1e50ca8a48815a39935403c92b50b9c9ba6
ground,0.3,000001,0.2,0.3,0.6,10,42,1000,120268,0,47839,8887,4476,4411,True,0.6675419435245514,8,134,3.87980016973636,False,55.1946,57.186435,e443381b8a969e15db504989bdbbf0903275401f30a6d040f4e411f5cae52499
ground,0.3,000011,0.2,0.3,0.6,10,42,1000,108004,0,52222,8031,4378,3653,True,2.0347477580078808,19,107,1.5575080304306146,False,42.48795,46.937575,2283277bd0f504804ebf3c9713d0e58f8b983cb6ebc9d496719794f63ae7f5e3
ground,0.3,000019,0.2,0.3,0.6,10,42,1000,115697,0,49770,6991,3949,3042,True,2.6103980114929795,8,60,3.6414642193928692,False,42.3959,66.074105,3c90c0d83563691efcc03e699ac4ee572182e90c9b2b53b3c74a1fc8fc8464e6
ground,0.3,000025,0.2,0.3,0.6,10,42,1000,115780,0,52511,9111,2083,7028,True,0.6427596982430052,18,117,2.225416131056299,False,75.1736,89.20389500000002,ed270ef05ec6470e0806f13183e9c428ff0935c26a61b0eac4257bba5dbbce32
ground,0.3,000049,0.2,0.3,0.6,10,42,1000,113691,0,41301,5537,2946,2591,True,1.5193326731371284,27,111,2.4489650381389514,False,35.6051,38.77619,6afa7b74e1e6ce183eda9855c06fac165fe61f7d116c02079f4b059043f04432
voxel,0.1,000001,0.1,0.1,0.6,10,42,1000,120268,0,47839,19500,8128,11372,True,0.6763675296173507,14,159,2.2960000038146973,False,331.37104999999997,354.71903,29042d4414beb841d7b6a69f09fbf27292c039a7b636fec3183c4ed00bd4c41c
voxel,0.1,000011,0.1,0.1,0.6,10,42,1000,108004,0,52222,18446,8562,9884,True,1.9769978326554136,27,91,1.540001260553934,False,281.8039,308.0130300000001,c05d40381c1b9e2547306c523ad688d171acdb254adcb9bae03908d780ab66a5
voxel,0.1,000019,0.1,0.1,0.6,10,42,1000,115697,0,49770,16811,6521,10290,True,3.079221247749702,10,83,1.0043948868971768,False,301.04435,393.44528,547ae05f6211d8ddf67279c7972fd6a8891a23129b9dc49fd6182dd0f10559ed
voxel,0.1,000025,0.1,0.1,0.6,10,42,1000,115780,0,52511,20378,3573,16805,True,1.6454478996283743,17,107,0.9934999942779541,False,445.05674999999997,520.5096900000001,a8514cb4983d852b5f4b6168b146a81049a7d217d0b378513ea94d85fc71b327
voxel,0.1,000049,0.1,0.1,0.6,10,42,1000,113691,0,41301,12637,5588,7049,True,1.44741097952127,30,82,2.4120051232877477,False,187.45254999999997,197.00789500000002,ff98e6ad37077fc252f1f60a412ba9934e0193fe9fd1aeeb84bb71e41b7fcbf2
voxel,0.2,000001,0.2,0.1,0.6,10,42,1000,120268,0,47839,8887,3535,5352,True,0.6675419435245514,7,306,2.267014075474563,False,129.16255,143.021415,66fa12c5347b7dc077aa0703da77fcc553aed29435915e7ccbf828f4b526f844
voxel,0.2,000011,0.2,0.1,0.6,10,42,1000,108004,0,52222,8031,3990,4041,True,2.0347477580078808,21,140,1.5575080304306146,False,95.4656,101.934935,79c2287206bc8f06b6851187b40c1c6108c6cb90a13f6e8489511dae96cde695
voxel,0.2,000019,0.2,0.1,0.6,10,42,1000,115697,0,49770,6991,2899,4092,True,2.6103980114929795,11,165,0.404730973680382,False,92.7992,107.37349000000002,e5bb008e0b1459adb27dde47e4bfbb2c1d4f769d2f04134f06790adfd5a2ae57
voxel,0.2,000025,0.2,0.1,0.6,10,42,1000,115780,0,52511,9111,1725,7386,True,0.6427596982430052,15,157,2.02128272417876,False,148.51725,199.7533250000002,ceedcfb9e3c7a75b9ada5e6d5a9fa2d2a2121c440d1f17a6d8c8e18177bacb6f
voxel,0.2,000049,0.2,0.1,0.6,10,42,1000,113691,0,41301,5537,2499,3038,True,1.5193326731371284,29,119,2.4489650381389514,False,79.51275,84.154495,6b11721067b191913df3e282ff52ad5898721a546ef804af9d2edee5f60be300
voxel,0.4,000001,0.4,0.1,0.6,10,42,1000,120268,0,47839,3366,1518,1848,True,0.7893593503463694,10,546,3.3754779724384187,False,57.53385,68.43134500000001,6199603b69b1eb0101e27fe09a9fa265dffa7bd455d1d62ba54e08bd053b2ef3
voxel,0.4,000011,0.4,0.1,0.6,10,42,1000,108004,0,52222,3168,1690,1478,True,1.973142004344369,28,380,1.6750329220453568,False,50.9336,79.69947,2168376eae3ea58c880248d63bfa56e28f10f9babe8781aa950460edadde224f
voxel,0.4,000019,0.4,0.1,0.6,10,42,1000,115697,0,49770,2415,1136,1279,True,2.527738611898281,13,379,3.6017903964944558,False,46.550650000000005,56.5266,a3b10a7f889dd2f9bc647f8d8b35a7e8dadd96ad7b1b42dcc019d483d2ed0a0f
voxel,0.4,000025,0.4,0.1,0.6,10,42,1000,115780,0,52511,3313,736,2577,True,1.4111077012623152,30,325,2.225416131056299,False,52.1182,83.37845000000002,b6c24394efe6cf5d8c2e2a5c6ce17111fd393c57dfc7ce8e1857e7b71a947aa8
voxel,0.4,000049,0.4,0.1,0.6,10,42,1000,113691,0,41301,2214,1053,1161,True,1.5170675355328636,22,453,2.466352338151455,False,43.0274,53.13861500000001,888f1d5e68290e7c96965eea61a9703a18d8a4e1ad28b8d8a045a5b29118f772
