x_center_m,y_center_m,n_points,state
0.1,-9.9,5,occupied_candidate
0.1,-8.5,1,occupied_candidate
0.1,-7.699999999999999,1,occupied_candidate
0.1,-7.5,1,occupied_candidate
0.1,-7.3,2,occupied_candidate
0.1,-7.1,1,occupied_candidate
0.1,-6.9,1,occupied_candidate
0.1,-6.3,5,occupied_candidate
0.1,-4.1,4,occupied_candidate
0.1,-3.8999999999999995,1,occupied_candidate
0.1,-3.6999999999999993,1,occupied_candidate
0.1,4.5,3,occupied_candidate
0.1,6.300000000000001,1,occupied_candidate
0.1,6.5,1,occupied_candidate
0.1,6.699999999999999,2,occupied_candidate
0.1,6.900000000000002,1,occupied_candidate
0.1,7.100000000000001,2,occupied_candidate
0.1,7.300000000000001,1,occupied_candidate
0.1,7.5,1,occupied_candidate
0.1,7.699999999999999,1,occupied_candidate
0.1,7.900000000000002,1,occupied_candidate
0.1,8.100000000000001,1,occupied_candidate
0.1,8.3,1,occupied_candidate
0.1,8.5,2,occupied_candidate
0.1,8.7,2,occupied_candidate
0.1,8.900000000000002,3,occupied_candidate
0.1,9.3,3,occupied_candidate
0.1,9.5,2,occupied_candidate
0.1,9.900000000000002,2,occupied_candidate
0.30000000000000004,-4.1,3,occupied_candidate
0.30000000000000004,-3.6999999999999993,3,occupied_candidate
0.30000000000000004,4.5,3,occupied_candidate
0.30000000000000004,7.5,1,occupied_candidate
0.30000000000000004,8.7,1,occupied_candidate
0.30000000000000004,9.100000000000001,1,occupied_candidate
0.30000000000000004,9.700000000000003,1,occupied_candidate
0.30000000000000004,9.900000000000002,1,occupied_candidate
0.5,-4.1,3,occupied_candidate
0.5,-3.6999999999999993,1,occupied_candidate
0.5,4.5,3,occupied_candidate
0.5,6.100000000000001,1,occupied_candidate
0.5,6.300000000000001,6,occupied_candidate
0.5,6.5,1,occupied_candidate
0.7000000000000001,-4.1,1,occupied_candidate
0.7000000000000001,-3.6999999999999993,1,occupied_candidate
0.7000000000000001,4.5,1,occupied_candidate
0.9,-4.1,1,occupied_candidate
0.9,-3.6999999999999993,2,occupied_candidate
0.9,-3.5,1,occupied_candidate
0.9,4.5,3,occupied_candidate
1.1,-3.5,1,occupied_candidate
1.1,4.300000000000001,1,occupied_candidate
1.1,4.5,3,occupied_candidate
1.3,-3.5,1,occupied_candidate
1.3,4.300000000000001,2,occupied_candidate
1.5,-6.1,12,occupied_candidate
1.5,-3.5,3,occupied_candidate
1.5,-1.0999999999999996,1,occupied_candidate
1.5,4.100000000000001,2,occupied_candidate
1.5,4.300000000000001,1,occupied_candidate
1.7000000000000002,-3.5,1,occupied_candidate
1.7000000000000002,-3.3,1,occupied_candidate
1.7000000000000002,4.100000000000001,3,occupied_candidate
1.7000000000000002,4.300000000000001,3,occupied_candidate
1.7000000000000002,6.100000000000001,3,occupied_candidate
1.7000000000000002,6.300000000000001,7,occupied_candidate
1.7000000000000002,9.900000000000002,1,occupied_candidate
1.9000000000000001,-3.6999999999999993,1,occupied_candidate
1.9000000000000001,-3.5,2,occupied_candidate
1.9000000000000001,-3.3,2,occupied_candidate
1.9000000000000001,3.9000000000000004,1,occupied_candidate
1.9000000000000001,4.100000000000001,3,occupied_candidate
1.9000000000000001,4.5,2,occupied_candidate
1.9000000000000001,9.5,1,occupied_candidate
1.9000000000000001,9.900000000000002,1,occupied_candidate
2.1,-3.3,3,occupied_candidate
2.1,3.700000000000001,1,occupied_candidate
2.1,3.9000000000000004,1,occupied_candidate
2.1,4.100000000000001,1,occupied_candidate
2.1,4.300000000000001,2,occupied_candidate
2.1,7.300000000000001,1,occupied_candidate
2.1,7.699999999999999,1,occupied_candidate
2.1,9.900000000000002,2,occupied_candidate
2.3000000000000003,-4.1,2,occupied_candidate
2.3000000000000003,-3.6999999999999993,1,occupied_candidate
2.3000000000000003,-3.5,1,occupied_candidate
2.3000000000000003,-3.3,1,occupied_candidate
2.3000000000000003,-3.0999999999999996,2,occupied_candidate
2.3000000000000003,3.700000000000001,1,occupied_candidate
2.3000000000000003,4.300000000000001,2,occupied_candidate
2.3000000000000003,4.5,1,occupied_candidate
2.3000000000000003,7.300000000000001,1,occupied_candidate
2.3000000000000003,7.699999999999999,1,occupied_candidate
2.3000000000000003,9.900000000000002,1,occupied_candidate
2.5,-4.1,1,occupied_candidate
2.5,-3.5,1,occupied_candidate
2.5,-3.0999999999999996,2,occupied_candidate
2.5,-2.8999999999999995,2,occupied_candidate
2.5,0.5,1,occupied_candidate
2.5,3.700000000000001,1,occupied_candidate
2.5,4.100000000000001,2,occupied_candidate
2.5,4.300000000000001,2,occupied_candidate
2.5,4.5,1,occupied_candidate
2.5,7.5,2,occupied_candidate
2.5,8.5,1,occupied_candidate
2.5,9.700000000000003,1,occupied_candidate
2.5,9.900000000000002,1,occupied_candidate
2.7,-9.9,2,occupied_candidate
2.7,-9.7,3,occupied_candidate
2.7,-9.5,7,occupied_candidate
2.7,-9.3,3,occupied_candidate
2.7,-9.1,4,occupied_candidate
2.7,-8.9,8,occupied_candidate
2.7,-8.7,2,occupied_candidate
2.7,-8.5,2,occupied_candidate
2.7,-8.3,2,occupied_candidate
2.7,-8.1,1,occupied_candidate
2.7,-7.9,2,occupied_candidate
2.7,-7.699999999999999,2,occupied_candidate
2.7,-7.3,1,occupied_candidate
2.7,-7.1,3,occupied_candidate
2.7,-6.699999999999999,4,occupied_candidate
2.7,-6.5,4,occupied_candidate
2.7,-6.3,1,occupied_candidate
2.7,-3.5,1,occupied_candidate
2.7,-3.3,1,occupied_candidate
2.7,-2.8999999999999995,2,occupied_candidate
2.7,4.300000000000001,3,occupied_candidate
2.7,7.5,1,occupied_candidate
2.9000000000000004,-9.9,9,occupied_candidate
2.9000000000000004,-9.7,6,occupied_candidate
2.9000000000000004,-9.5,4,occupied_candidate
2.9000000000000004,-9.3,8,occupied_candidate
2.9000000000000004,-9.1,14,occupied_candidate
2.9000000000000004,-8.9,4,occupied_candidate
2.9000000000000004,-8.7,10,occupied_candidate
2.9000000000000004,-8.5,11,occupied_candidate
2.9000000000000004,-8.3,12,occupied_candidate
2.9000000000000004,-8.1,11,occupied_candidate
2.9000000000000004,-7.9,16,occupied_candidate
2.9000000000000004,-7.699999999999999,11,occupied_candidate
2.9000000000000004,-7.5,13,occupied_candidate
2.9000000000000004,-7.3,15,occupied_candidate
2.9000000000000004,-7.1,13,occupied_candidate
2.9000000000000004,-6.9,13,occupied_candidate
2.9000000000000004,-6.699999999999999,6,occupied_candidate
2.9000000000000004,-6.5,11,occupied_candidate
2.9000000000000004,-6.3,9,occupied_candidate
2.9000000000000004,-6.1,21,occupied_candidate
2.9000000000000004,-5.8999999999999995,1,occupied_candidate
2.9000000000000004,-3.3,1,occupied_candidate
2.9000000000000004,-3.0999999999999996,1,occupied_candidate
2.9000000000000004,-2.8999999999999995,1,occupied_candidate
2.9000000000000004,-2.6999999999999993,2,occupied_candidate
2.9000000000000004,3.3000000000000007,1,occupied_candidate
2.9000000000000004,4.100000000000001,1,occupied_candidate
2.9000000000000004,6.300000000000001,1,occupied_candidate
2.9000000000000004,9.700000000000003,1,occupied_candidate
3.1,-9.9,2,occupied_candidate
3.1,-9.7,2,occupied_candidate
3.1,-9.5,5,occupied_candidate
3.1,-9.3,2,occupied_candidate
3.1,-9.1,2,occupied_candidate
3.1,-8.9,4,occupied_candidate
3.1,-8.7,2,occupied_candidate
3.1,-8.5,1,occupied_candidate
3.1,-8.1,4,occupied_candidate
3.1,-7.699999999999999,2,occupied_candidate
3.1,-7.5,1,occupied_candidate
3.1,-6.699999999999999,1,occupied_candidate
3.1,-6.1,20,occupied_candidate
3.1,-5.8999999999999995,1,occupied_candidate
3.1,-3.6999999999999993,1,occupied_candidate
3.1,-3.0999999999999996,2,occupied_candidate
3.1,-2.6999999999999993,1,occupied_candidate
3.1,2.3000000000000007,5,occupied_candidate
3.1,2.5,7,occupied_candidate
3.1,2.700000000000001,4,occupied_candidate
3.1,2.9000000000000004,4,occupied_candidate
3.1,3.1000000000000014,6,occupied_candidate
3.1,3.3000000000000007,6,occupied_candidate
3.1,3.5,5,occupied_candidate
3.1,3.700000000000001,7,occupied_candidate
3.1,3.9000000000000004,2,occupied_candidate
3.1,4.100000000000001,5,occupied_candidate
3.1,4.300000000000001,1,occupied_candidate
3.1,6.300000000000001,28,occupied_candidate
3.1,6.900000000000002,1,occupied_candidate
3.1,7.300000000000001,1,occupied_candidate
3.3000000000000003,-9.7,1,occupied_candidate
3.3000000000000003,-8.9,1,occupied_candidate
3.3000000000000003,-8.3,1,occupied_candidate
3.3000000000000003,-6.9,1,occupied_candidate
3.3000000000000003,-6.699999999999999,1,occupied_candidate
3.3000000000000003,-6.5,4,occupied_candidate
3.3000000000000003,-6.3,2,occupied_candidate
3.3000000000000003,-6.1,11,occupied_candidate
3.3000000000000003,-5.8999999999999995,2,occupied_candidate
3.3000000000000003,-3.3,1,occupied_candidate
3.3000000000000003,-2.6999999999999993,2,occupied_candidate
3.3000000000000003,-2.5,2,occupied_candidate
3.3000000000000003,-2.3,1,occupied_candidate
3.3000000000000003,2.3000000000000007,10,occupied_candidate
3.3000000000000003,2.5,6,occupied_candidate
3.3000000000000003,2.700000000000001,3,occupied_candidate
3.3000000000000003,2.9000000000000004,12,occupied_candidate
3.3000000000000003,3.1000000000000014,5,occupied_candidate
3.3000000000000003,3.3000000000000007,7,occupied_candidate
3.3000000000000003,3.5,5,occupied_candidate
3.3000000000000003,3.700000000000001,7,occupied_candidate
3.3000000000000003,3.9000000000000004,3,occupied_candidate
3.3000000000000003,4.100000000000001,5,occupied_candidate
3.3000000000000003,4.300000000000001,3,occupied_candidate
3.3000000000000003,6.5,1,occupied_candidate
3.3000000000000003,6.900000000000002,1,occupied_candidate
3.3000000000000003,7.100000000000001,1,occupied_candidate
3.3000000000000003,7.900000000000002,1,occupied_candidate
3.3000000000000003,8.5,2,occupied_candidate
3.3000000000000003,8.900000000000002,1,occupied_candidate
3.3000000000000003,9.5,2,occupied_candidate
3.3000000000000003,9.700000000000003,1,occupied_candidate
3.5,-9.7,1,occupied_candidate
3.5,-8.7,1,occupied_candidate
3.5,-6.9,2,occupied_candidate
3.5,-6.699999999999999,6,occupied_candidate
3.5,-6.5,3,occupied_candidate
3.5,-6.3,7,occupied_candidate
3.5,-6.1,17,occupied_candidate
3.5,-3.0999999999999996,1,occupied_candidate
3.5,-2.8999999999999995,1,occupied_candidate
3.5,-2.5,3,occupied_candidate
3.5,-2.3,1,occupied_candidate
3.5,-2.0999999999999996,3,occupied_candidate
3.5,-1.9000000000000004,1,occupied_candidate
3.5,2.1000000000000014,7,occupied_candidate
3.5,2.3000000000000007,18,occupied_candidate
3.5,2.700000000000001,1,occupied_candidate
3.5,2.9000000000000004,1,occupied_candidate
3.5,3.3000000000000007,3,occupied_candidate
3.5,3.700000000000001,1,occupied_candidate
3.5,3.9000000000000004,4,occupied_candidate
3.5,4.100000000000001,9,occupied_candidate
3.5,4.300000000000001,1,occupied_candidate
3.5,6.300000000000001,1,occupied_candidate
3.5,6.699999999999999,1,occupied_candidate
3.5,6.900000000000002,1,occupied_candidate
3.5,7.5,2,occupied_candidate
3.5,7.900000000000002,1,occupied_candidate
3.5,8.3,1,occupied_candidate
3.5,8.900000000000002,3,occupied_candidate
3.5,9.3,2,occupied_candidate
3.5,9.5,1,occupied_candidate
3.7,-7.3,1,occupied_candidate
3.7,-7.1,2,occupied_candidate
3.7,-6.9,5,occupied_candidate
3.7,-6.699999999999999,10,occupied_candidate
3.7,-6.5,7,occupied_candidate
3.7,-6.3,4,occupied_candidate
3.7,-6.1,15,occupied_candidate
3.7,-5.8999999999999995,3,occupied_candidate
3.7,-3.3,1,occupied_candidate
3.7,-2.6999999999999993,1,occupied_candidate
3.7,-2.5,1,occupied_candidate
3.7,-2.3,2,occupied_candidate
3.7,-2.0999999999999996,2,occupied_candidate
3.7,-1.9000000000000004,1,occupied_candidate
3.7,-1.6999999999999993,2,occupied_candidate
3.7,2.1000000000000014,7,occupied_candidate
3.7,2.3000000000000007,6,occupied_candidate
3.7,2.5,1,occupied_candidate
3.7,3.700000000000001,2,occupied_candidate
3.7,3.9000000000000004,1,occupied_candidate
3.7,4.100000000000001,3,occupied_candidate
3.7,4.300000000000001,2,occupied_candidate
3.7,6.5,1,occupied_candidate
3.7,6.699999999999999,1,occupied_candidate
3.7,7.300000000000001,1,occupied_candidate
3.7,7.699999999999999,1,occupied_candidate
3.7,7.900000000000002,1,occupied_candidate
3.7,8.3,2,occupied_candidate
3.7,8.7,1,occupied_candidate
3.7,8.900000000000002,1,occupied_candidate
3.7,9.100000000000001,2,occupied_candidate
3.9000000000000004,-7.3,3,occupied_candidate
3.9000000000000004,-6.699999999999999,7,occupied_candidate
3.9000000000000004,-6.5,4,occupied_candidate
3.9000000000000004,-6.3,9,occupied_candidate
3.9000000000000004,-6.1,15,occupied_candidate
3.9000000000000004,-5.8999999999999995,6,occupied_candidate
3.9000000000000004,-3.0999999999999996,1,occupied_candidate
3.9000000000000004,-2.8999999999999995,1,occupied_candidate
3.9000000000000004,-2.5,1,occupied_candidate
3.9000000000000004,-2.3,1,occupied_candidate
3.9000000000000004,-2.0999999999999996,1,occupied_candidate
3.9000000000000004,-1.9000000000000004,1,occupied_candidate
3.9000000000000004,-1.6999999999999993,5,occupied_candidate
3.9000000000000004,-1.5,3,occupied_candidate
3.9000000000000004,2.1000000000000014,4,occupied_candidate
3.9000000000000004,2.3000000000000007,10,occupied_candidate
3.9000000000000004,2.5,2,occupied_candidate
3.9000000000000004,2.700000000000001,5,occupied_candidate
3.9000000000000004,2.9000000000000004,4,occupied_candidate
3.9000000000000004,3.1000000000000014,2,occupied_candidate
3.9000000000000004,3.3000000000000007,1,occupied_candidate
3.9000000000000004,3.5,2,occupied_candidate
3.9000000000000004,3.700000000000001,1,occupied_candidate
3.9000000000000004,3.9000000000000004,6,occupied_candidate
3.9000000000000004,4.100000000000001,3,occupied_candidate
3.9000000000000004,4.300000000000001,5,occupied_candidate
3.9000000000000004,6.300000000000001,2,occupied_candidate
3.9000000000000004,6.5,1,occupied_candidate
3.9000000000000004,7.100000000000001,2,occupied_candidate
3.9000000000000004,7.5,1,occupied_candidate
3.9000000000000004,7.699999999999999,1,occupied_candidate
3.9000000000000004,8.7,2,occupied_candidate
3.9000000000000004,9.100000000000001,2,occupied_candidate
3.9000000000000004,9.900000000000002,2,occupied_candidate
4.1000000000000005,-6.699999999999999,5,occupied_candidate
4.1000000000000005,-6.5,4,occupied_candidate
4.1000000000000005,-6.3,2,occupied_candidate
4.1000000000000005,-6.1,9,occupied_candidate
4.1000000000000005,-5.8999999999999995,6,occupied_candidate
4.1000000000000005,-2.8999999999999995,1,occupied_candidate
4.1000000000000005,-2.6999999999999993,1,occupied_candidate
4.1000000000000005,-2.3,1,occupied_candidate
4.1000000000000005,-2.0999999999999996,1,occupied_candidate
4.1000000000000005,-1.9000000000000004,2,occupied_candidate
4.1000000000000005,-1.5,1,occupied_candidate
4.1000000000000005,-1.299999999999999,3,occupied_candidate
4.1000000000000005,2.1000000000000014,6,occupied_candidate
4.1000000000000005,2.3000000000000007,7,occupied_candidate
4.1000000000000005,2.5,4,occupied_candidate
4.1000000000000005,2.700000000000001,3,occupied_candidate
4.1000000000000005,2.9000000000000004,2,occupied_candidate
4.1000000000000005,3.9000000000000004,1,occupied_candidate
4.1000000000000005,4.100000000000001,2,occupied_candidate
4.1000000000000005,4.300000000000001,7,occupied_candidate
4.1000000000000005,6.300000000000001,1,occupied_candidate
4.1000000000000005,6.5,1,occupied_candidate
4.1000000000000005,6.900000000000002,1,occupied_candidate
4.1000000000000005,7.100000000000001,1,occupied_candidate
4.1000000000000005,7.300000000000001,1,occupied_candidate
4.1000000000000005,7.5,1,occupied_candidate
4.1000000000000005,8.100000000000001,1,occupied_candidate
4.1000000000000005,8.7,1,occupied_candidate
4.1000000000000005,8.900000000000002,1,occupied_candidate
4.1000000000000005,9.100000000000001,1,occupied_candidate
4.1000000000000005,9.700000000000003,1,occupied_candidate
4.1000000000000005,9.900000000000002,1,occupied_candidate
4.3,-6.9,1,occupied_candidate
4.3,-6.5,3,occupied_candidate
4.3,-6.3,3,occupied_candidate
4.3,-6.1,12,occupied_candidate
4.3,-5.8999999999999995,6,occupied_candidate
4.3,-2.6999999999999993,2,occupied_candidate
4.3,-2.5,1,occupied_candidate
4.3,-2.3,1,occupied_candidate
4.3,-2.0999999999999996,2,occupied_candidate
4.3,-1.9000000000000004,1,occupied_candidate
4.3,-1.6999999999999993,2,occupied_candidate
4.3,-1.5,2,occupied_candidate
4.3,-1.299999999999999,2,occupied_candidate
4.3,-1.0999999999999996,1,occupied_candidate
4.3,2.1000000000000014,16,occupied_candidate
4.3,2.3000000000000007,5,occupied_candidate
4.3,2.5,2,occupied_candidate
4.3,3.9000000000000004,1,occupied_candidate
4.3,4.300000000000001,1,occupied_candidate
4.3,6.300000000000001,2,occupied_candidate
4.3,6.699999999999999,1,occupied_candidate
4.3,6.900000000000002,1,occupied_candidate
4.3,7.100000000000001,1,occupied_candidate
4.3,7.300000000000001,1,occupied_candidate
4.3,7.900000000000002,2,occupied_candidate
4.3,8.5,2,occupied_candidate
4.3,8.900000000000002,1,occupied_candidate
4.3,9.900000000000002,1,occupied_candidate
4.5,-6.5,6,occupied_candidate
4.5,-6.3,4,occupied_candidate
4.5,-6.1,13,occupied_candidate
4.5,-5.8999999999999995,13,occupied_candidate
4.5,-3.0999999999999996,1,occupied_candidate
4.5,-2.5,2,occupied_candidate
4.5,-2.3,1,occupied_candidate
4.5,-2.0999999999999996,1,occupied_candidate
4.5,-1.9000000000000004,1,occupied_candidate
4.5,-1.6999999999999993,2,occupied_candidate
4.5,-1.5,2,occupied_candidate
4.5,-1.299999999999999,1,occupied_candidate
4.5,-1.0999999999999996,4,occupied_candidate
4.5,-0.9000000000000004,2,occupied_candidate
4.5,2.1000000000000014,1,occupied_candidate
4.5,2.3000000000000007,11,occupied_candidate
4.5,2.5,3,occupied_candidate
4.5,2.700000000000001,1,occupied_candidate
4.5,6.100000000000001,1,occupied_candidate
4.5,6.5,1,occupied_candidate
4.5,6.699999999999999,1,occupied_candidate
4.5,6.900000000000002,1,occupied_candidate
4.5,7.100000000000001,1,occupied_candidate
4.5,7.5,1,occupied_candidate
4.5,7.699999999999999,1,occupied_candidate
4.5,8.100000000000001,2,occupied_candidate
4.5,8.3,1,occupied_candidate
4.5,8.7,1,occupied_candidate
4.5,8.900000000000002,1,occupied_candidate
4.5,9.700000000000003,3,occupied_candidate
4.7,-6.699999999999999,3,occupied_candidate
4.7,-6.5,2,occupied_candidate
4.7,-6.3,2,occupied_candidate
4.7,-6.1,7,occupied_candidate
4.7,-5.8999999999999995,9,occupied_candidate
4.7,-3.0999999999999996,1,occupied_candidate
4.7,-2.8999999999999995,1,occupied_candidate
4.7,-2.3,2,occupied_candidate
4.7,-2.0999999999999996,1,occupied_candidate
4.7,-1.9000000000000004,1,occupied_candidate
4.7,-1.6999999999999993,1,occupied_candidate
4.7,-1.5,1,occupied_candidate
4.7,-1.299999999999999,2,occupied_candidate
4.7,-1.0999999999999996,3,occupied_candidate
4.7,-0.9000000000000004,2,occupied_candidate
4.7,-0.6999999999999993,1,occupied_candidate
4.7,-0.5,1,occupied_candidate
4.7,2.1000000000000014,1,occupied_candidate
4.7,2.3000000000000007,4,occupied_candidate
4.7,2.700000000000001,1,occupied_candidate
4.7,6.300000000000001,1,occupied_candidate
4.7,6.5,1,occupied_candidate
4.7,6.900000000000002,2,occupied_candidate
4.7,7.5,2,occupied_candidate
4.7,7.900000000000002,1,occupied_candidate
4.7,8.100000000000001,1,occupied_candidate
4.7,8.5,1,occupied_candidate
4.7,8.7,1,occupied_candidate
4.7,9.3,1,occupied_candidate
4.7,9.5,2,occupied_candidate
4.9,-6.5,2,occupied_candidate
4.9,-6.3,2,occupied_candidate
4.9,-6.1,7,occupied_candidate
4.9,-5.8999999999999995,8,occupied_candidate
4.9,-2.6999999999999993,2,occupied_candidate
4.9,-2.0999999999999996,2,occupied_candidate
4.9,-1.9000000000000004,1,occupied_candidate
4.9,-1.6999999999999993,3,occupied_candidate
4.9,-1.5,1,occupied_candidate
4.9,-1.299999999999999,1,occupied_candidate
4.9,-0.9000000000000004,2,occupied_candidate
4.9,-0.6999999999999993,1,occupied_candidate
4.9,-0.5,1,occupied_candidate
4.9,2.1000000000000014,1,occupied_candidate
4.9,2.3000000000000007,6,occupied_candidate
4.9,2.5,2,occupied_candidate
4.9,2.700000000000001,2,occupied_candidate
4.9,2.9000000000000004,3,occupied_candidate
4.9,4.100000000000001,2,occupied_candidate
4.9,4.300000000000001,1,occupied_candidate
4.9,6.300000000000001,2,occupied_candidate
4.9,6.699999999999999,1,occupied_candidate
4.9,7.100000000000001,1,occupied_candidate
4.9,7.300000000000001,1,occupied_candidate
4.9,7.699999999999999,2,occupied_candidate
4.9,7.900000000000002,1,occupied_candidate
4.9,8.3,1,occupied_candidate
4.9,8.5,1,occupied_candidate
4.9,9.3,1,occupied_candidate
4.9,9.900000000000002,2,occupied_candidate
5.1000000000000005,-6.699999999999999,2,occupied_candidate
5.1000000000000005,-6.5,5,occupied_candidate
5.1000000000000005,-6.3,7,occupied_candidate
5.1000000000000005,-6.1,8,occupied_candidate
5.1000000000000005,-5.8999999999999995,7,occupied_candidate
5.1000000000000005,-2.5,2,occupied_candidate
5.1000000000000005,-2.3,1,occupied_candidate
5.1000000000000005,-1.9000000000000004,1,occupied_candidate
5.1000000000000005,-1.6999999999999993,1,occupied_candidate
5.1000000000000005,-1.5,3,occupied_candidate
5.1000000000000005,-1.0999999999999996,3,occupied_candidate
5.1000000000000005,-0.9000000000000004,2,occupied_candidate
5.1000000000000005,-0.6999999999999993,1,occupied_candidate
5.1000000000000005,-0.5,2,occupied_candidate
5.1000000000000005,2.3000000000000007,3,occupied_candidate
5.1000000000000005,2.5,2,occupied_candidate
5.1000000000000005,2.9000000000000004,1,occupied_candidate
5.1000000000000005,3.3000000000000007,7,occupied_candidate
5.1000000000000005,3.5,1,occupied_candidate
5.1000000000000005,3.700000000000001,7,occupied_candidate
5.1000000000000005,3.9000000000000004,1,occupied_candidate
5.1000000000000005,4.100000000000001,4,occupied_candidate
5.1000000000000005,6.900000000000002,1,occupied_candidate
5.1000000000000005,7.100000000000001,1,occupied_candidate
5.1000000000000005,7.300000000000001,1,occupied_candidate
5.1000000000000005,7.5,1,occupied_candidate
5.1000000000000005,8.100000000000001,3,occupied_candidate
5.1000000000000005,8.900000000000002,1,occupied_candidate
5.1000000000000005,9.100000000000001,1,occupied_candidate
5.1000000000000005,9.700000000000003,1,occupied_candidate
5.1000000000000005,9.900000000000002,1,occupied_candidate
5.300000000000001,-7.3,1,occupied_candidate
5.300000000000001,-6.9,1,occupied_candidate
5.300000000000001,-6.699999999999999,1,occupied_candidate
5.300000000000001,-6.5,6,occupied_candidate
5.300000000000001,-6.3,2,occupied_candidate
5.300000000000001,-6.1,16,occupied_candidate
5.300000000000001,-5.8999999999999995,16,occupied_candidate
5.300000000000001,-5.7,2,occupied_candidate
5.300000000000001,-2.3,1,occupied_candidate
5.300000000000001,-2.0999999999999996,1,occupied_candidate
5.300000000000001,-1.9000000000000004,1,occupied_candidate
5.300000000000001,-1.6999999999999993,1,occupied_candidate
5.300000000000001,-1.5,1,occupied_candidate
5.300000000000001,-1.299999999999999,1,occupied_candidate
5.300000000000001,-1.0999999999999996,1,occupied_candidate
5.300000000000001,-0.9000000000000004,3,occupied_candidate
5.300000000000001,-0.6999999999999993,1,occupied_candidate
5.300000000000001,2.3000000000000007,21,occupied_candidate
5.300000000000001,2.5,7,occupied_candidate
5.300000000000001,2.9000000000000004,2,occupied_candidate
5.300000000000001,3.1000000000000014,2,occupied_candidate
5.300000000000001,4.100000000000001,7,occupied_candidate
5.300000000000001,4.5,1,occupied_candidate
5.300000000000001,7.300000000000001,1,occupied_candidate
5.300000000000001,7.699999999999999,1,occupied_candidate
5.300000000000001,7.900000000000002,1,occupied_candidate
5.300000000000001,8.100000000000001,1,occupied_candidate
5.300000000000001,8.7,1,occupied_candidate
5.300000000000001,8.900000000000002,1,occupied_candidate
5.300000000000001,9.5,1,occupied_candidate
5.300000000000001,9.700000000000003,1,occupied_candidate
5.5,-6.5,3,occupied_candidate
5.5,-6.3,3,occupied_candidate
5.5,-6.1,6,occupied_candidate
5.5,-5.8999999999999995,9,occupied_candidate
5.5,-5.7,8,occupied_candidate
5.5,-2.3,1,occupied_candidate
5.5,-1.9000000000000004,1,occupied_candidate
5.5,-1.6999999999999993,2,occupied_candidate
5.5,-1.5,2,occupied_candidate
5.5,-1.299999999999999,1,occupied_candidate
5.5,-1.0999999999999996,1,occupied_candidate
5.5,-0.6999999999999993,1,occupied_candidate
5.5,2.1000000000000014,2,occupied_candidate
5.5,2.3000000000000007,8,occupied_candidate
5.5,2.5,1,occupied_candidate
5.5,2.9000000000000004,1,occupied_candidate
5.5,7.5,2,occupied_candidate
5.5,8.3,1,occupied_candidate
5.5,8.5,1,occupied_candidate
5.5,8.7,1,occupied_candidate
5.5,9.100000000000001,1,occupied_candidate
5.5,9.3,1,occupied_candidate
5.5,9.5,1,occupied_candidate
5.5,9.900000000000002,3,occupied_candidate
5.7,-6.699999999999999,3,occupied_candidate
5.7,-6.5,2,occupied_candidate
5.7,-6.3,4,occupied_candidate
5.7,-6.1,11,occupied_candidate
5.7,-5.8999999999999995,3,occupied_candidate
5.7,-5.7,7,occupied_candidate
5.7,-2.0999999999999996,2,occupied_candidate
5.7,-1.6999999999999993,1,occupied_candidate
5.7,-1.5,2,occupied_candidate
5.7,-1.299999999999999,1,occupied_candidate
5.7,-1.0999999999999996,2,occupied_candidate
5.7,-0.6999999999999993,3,occupied_candidate
5.7,-0.5,2,occupied_candidate
5.7,2.1000000000000014,1,occupied_candidate
5.7,2.3000000000000007,10,occupied_candidate
5.7,2.5,1,occupied_candidate
5.7,8.100000000000001,1,occupied_candidate
5.7,8.3,1,occupied_candidate
5.7,8.900000000000002,1,occupied_candidate
5.7,9.100000000000001,1,occupied_candidate
5.7,9.5,1,occupied_candidate
5.7,9.700000000000003,1,occupied_candidate
5.9,-6.5,1,occupied_candidate
5.9,-6.1,9,occupied_candidate
5.9,-5.8999999999999995,7,occupied_candidate
5.9,-5.7,3,occupied_candidate
5.9,-5.5,1,occupied_candidate
5.9,-2.5,1,occupied_candidate
5.9,-2.0999999999999996,1,occupied_candidate
5.9,-1.9000000000000004,3,occupied_candidate
5.9,-1.5,2,occupied_candidate
5.9,-1.299999999999999,1,occupied_candidate
5.9,-1.0999999999999996,3,occupied_candidate
5.9,-0.9000000000000004,1,occupied_candidate
5.9,-0.6999999999999993,1,occupied_candidate
5.9,2.1000000000000014,1,occupied_candidate
5.9,2.3000000000000007,10,occupied_candidate
5.9,2.700000000000001,2,occupied_candidate
5.9,8.100000000000001,1,occupied_candidate
5.9,8.7,2,occupied_candidate
5.9,8.900000000000002,1,occupied_candidate
5.9,9.3,1,occupied_candidate
5.9,9.5,1,occupied_candidate
6.1000000000000005,-6.699999999999999,1,occupied_candidate
6.1000000000000005,-6.5,1,occupied_candidate
6.1000000000000005,-6.3,3,occupied_candidate
6.1000000000000005,-6.1,6,occupied_candidate
6.1000000000000005,-5.8999999999999995,5,occupied_candidate
6.1000000000000005,-5.7,7,occupied_candidate
6.1000000000000005,-5.5,1,occupied_candidate
6.1000000000000005,-2.5,1,occupied_candidate
6.1000000000000005,-2.0999999999999996,1,occupied_candidate
6.1000000000000005,-1.9000000000000004,1,occupied_candidate
6.1000000000000005,-1.6999999999999993,1,occupied_candidate
6.1000000000000005,-1.5,2,occupied_candidate
6.1000000000000005,-1.299999999999999,1,occupied_candidate
6.1000000000000005,-0.9000000000000004,1,occupied_candidate
6.1000000000000005,2.1000000000000014,2,occupied_candidate
6.1000000000000005,2.3000000000000007,13,occupied_candidate
6.1000000000000005,2.5,1,occupied_candidate
6.1000000000000005,8.3,1,occupied_candidate
6.1000000000000005,8.5,1,occupied_candidate
6.1000000000000005,8.900000000000002,1,occupied_candidate
6.1000000000000005,9.100000000000001,2,occupied_candidate
6.1000000000000005,9.700000000000003,1,occupied_candidate
6.1000000000000005,9.900000000000002,2,occupied_candidate
6.300000000000001,-6.699999999999999,1,occupied_candidate
6.300000000000001,-6.5,2,occupied_candidate
6.300000000000001,-6.3,3,occupied_candidate
6.300000000000001,-6.1,9,occupied_candidate
6.300000000000001,-5.8999999999999995,2,occupied_candidate
6.300000000000001,-5.7,4,occupied_candidate
6.300000000000001,-2.3,1,occupied_candidate
6.300000000000001,-2.0999999999999996,1,occupied_candidate
6.300000000000001,-1.9000000000000004,1,occupied_candidate
6.300000000000001,-1.6999999999999993,1,occupied_candidate
6.300000000000001,-1.5,1,occupied_candidate
6.300000000000001,-1.299999999999999,1,occupied_candidate
6.300000000000001,-1.0999999999999996,1,occupied_candidate
6.300000000000001,-0.9000000000000004,1,occupied_candidate
6.300000000000001,2.3000000000000007,11,occupied_candidate
6.300000000000001,2.5,1,occupied_candidate
6.300000000000001,2.700000000000001,1,occupied_candidate
6.300000000000001,8.100000000000001,2,occupied_candidate
6.300000000000001,8.3,1,occupied_candidate
6.300000000000001,8.7,2,occupied_candidate
6.300000000000001,9.100000000000001,1,occupied_candidate
6.300000000000001,9.3,1,occupied_candidate
6.300000000000001,9.5,2,occupied_candidate
6.5,-6.699999999999999,1,occupied_candidate
6.5,-6.3,1,occupied_candidate
6.5,-6.1,11,occupied_candidate
6.5,-5.8999999999999995,2,occupied_candidate
6.5,-2.0999999999999996,1,occupied_candidate
6.5,-1.9000000000000004,1,occupied_candidate
6.5,-1.6999999999999993,1,occupied_candidate
6.5,-1.5,2,occupied_candidate
6.5,-1.299999999999999,1,occupied_candidate
6.5,-1.0999999999999996,2,occupied_candidate
6.5,-0.9000000000000004,2,occupied_candidate
6.5,2.3000000000000007,7,occupied_candidate
6.5,2.700000000000001,2,occupied_candidate
6.5,8.5,1,occupied_candidate
6.5,8.7,1,occupied_candidate
6.5,8.900000000000002,2,occupied_candidate
6.5,9.100000000000001,1,occupied_candidate
6.7,-6.699999999999999,1,occupied_candidate
6.7,-6.5,2,occupied_candidate
6.7,-6.3,2,occupied_candidate
6.7,-6.1,11,occupied_candidate
6.7,-5.8999999999999995,4,occupied_candidate
6.7,-1.9000000000000004,1,occupied_candidate
6.7,-1.6999999999999993,1,occupied_candidate
6.7,-1.5,4,occupied_candidate
6.7,-1.299999999999999,2,occupied_candidate
6.7,-1.0999999999999996,2,occupied_candidate
6.7,-0.9000000000000004,2,occupied_candidate
6.7,2.3000000000000007,24,occupied_candidate
6.7,2.5,4,occupied_candidate
6.7,2.700000000000001,1,occupied_candidate
6.7,8.5,1,occupied_candidate
6.7,9.100000000000001,1,occupied_candidate
6.7,9.3,3,occupied_candidate
6.7,9.700000000000003,1,occupied_candidate
6.7,9.900000000000002,2,occupied_candidate
6.9,-6.5,2,occupied_candidate
6.9,-6.3,2,occupied_candidate
6.9,-6.1,19,occupied_candidate
6.9,-5.8999999999999995,3,occupied_candidate
6.9,-1.9000000000000004,1,occupied_candidate
6.9,-1.6999999999999993,1,occupied_candidate
6.9,-1.5,2,occupied_candidate
6.9,-1.299999999999999,1,occupied_candidate
6.9,-1.0999999999999996,2,occupied_candidate
6.9,-0.6999999999999993,1,occupied_candidate
6.9,2.1000000000000014,1,occupied_candidate
6.9,2.3000000000000007,11,occupied_candidate
6.9,2.5,1,occupied_candidate
6.9,9.100000000000001,2,occupied_candidate
6.9,9.3,4,occupied_candidate
6.9,9.5,1,occupied_candidate
6.9,9.700000000000003,4,occupied_candidate
6.9,9.900000000000002,1,occupied_candidate
7.1000000000000005,-7.1,1,occupied_candidate
7.1000000000000005,-6.9,1,occupied_candidate
7.1000000000000005,-6.699999999999999,2,occupied_candidate
7.1000000000000005,-6.5,8,occupied_candidate
7.1000000000000005,-6.3,7,occupied_candidate
7.1000000000000005,-6.1,12,occupied_candidate
7.1000000000000005,-5.8999999999999995,7,occupied_candidate
7.1000000000000005,-5.7,1,occupied_candidate
7.1000000000000005,-2.5,1,occupied_candidate
7.1000000000000005,-2.3,1,occupied_candidate
7.1000000000000005,-1.6999999999999993,2,occupied_candidate
7.1000000000000005,-1.5,1,occupied_candidate
7.1000000000000005,2.1000000000000014,1,occupied_candidate
7.1000000000000005,2.3000000000000007,11,occupied_candidate
7.1000000000000005,9.100000000000001,3,occupied_candidate
7.1000000000000005,9.3,3,occupied_candidate
7.1000000000000005,9.5,3,occupied_candidate
7.1000000000000005,9.700000000000003,1,occupied_candidate
7.300000000000001,-6.699999999999999,7,occupied_candidate
7.300000000000001,-6.5,6,occupied_candidate
7.300000000000001,-6.3,6,occupied_candidate
7.300000000000001,-6.1,18,occupied_candidate
7.300000000000001,-5.8999999999999995,5,occupied_candidate
7.300000000000001,-2.0999999999999996,1,occupied_candidate
7.300000000000001,-1.5,1,occupied_candidate
7.300000000000001,-1.299999999999999,1,occupied_candidate
7.300000000000001,-1.0999999999999996,2,occupied_candidate
7.300000000000001,-0.9000000000000004,1,occupied_candidate
7.300000000000001,2.1000000000000014,1,occupied_candidate
7.300000000000001,2.3000000000000007,15,occupied_candidate
7.300000000000001,8.900000000000002,2,occupied_candidate
7.300000000000001,9.100000000000001,17,occupied_candidate
7.300000000000001,9.3,9,occupied_candidate
7.5,-6.699999999999999,6,occupied_candidate
7.5,-6.5,11,occupied_candidate
7.5,-6.3,7,occupied_candidate
7.5,-6.1,10,occupied_candidate
7.5,-5.8999999999999995,2,occupied_candidate
7.5,-1.9000000000000004,3,occupied_candidate
7.5,-1.6999999999999993,2,occupied_candidate
7.5,-1.5,1,occupied_candidate
7.5,2.1000000000000014,4,occupied_candidate
7.5,2.3000000000000007,9,occupied_candidate
7.5,8.900000000000002,3,occupied_candidate
7.5,9.100000000000001,6,occupied_candidate
7.7,-6.9,7,occupied_candidate
7.7,-6.699999999999999,1,occupied_candidate
7.7,-6.5,4,occupied_candidate
7.7,-6.3,5,occupied_candidate
7.7,-6.1,18,occupied_candidate
7.7,-5.8999999999999995,3,occupied_candidate
7.7,-2.0999999999999996,1,occupied_candidate
7.7,-1.9000000000000004,1,occupied_candidate
7.7,-1.6999999999999993,2,occupied_candidate
7.7,-1.5,1,occupied_candidate
7.7,-1.299999999999999,1,occupied_candidate
7.7,-1.0999999999999996,1,occupied_candidate
7.7,-0.9000000000000004,2,occupied_candidate
7.7,-0.6999999999999993,2,occupied_candidate
7.7,2.3000000000000007,16,occupied_candidate
7.7,2.5,2,occupied_candidate
7.7,9.100000000000001,6,occupied_candidate
7.9,-7.1,1,occupied_candidate
7.9,-6.9,1,occupied_candidate
7.9,-6.699999999999999,5,occupied_candidate
7.9,-6.5,4,occupied_candidate
7.9,-6.3,5,occupied_candidate
7.9,-6.1,8,occupied_candidate
7.9,-5.8999999999999995,2,occupied_candidate
7.9,-2.0999999999999996,1,occupied_candidate
7.9,-1.9000000000000004,1,occupied_candidate
7.9,-1.5,2,occupied_candidate
7.9,-1.299999999999999,2,occupied_candidate
7.9,-1.0999999999999996,1,occupied_candidate
7.9,-0.9000000000000004,1,occupied_candidate
7.9,2.3000000000000007,8,occupied_candidate
8.1,-7.1,2,occupied_candidate
8.1,-6.9,2,occupied_candidate
8.1,-6.699999999999999,1,occupied_candidate
8.1,-6.5,9,occupied_candidate
8.1,-6.3,9,occupied_candidate
8.1,-6.1,9,occupied_candidate
8.1,-2.0999999999999996,2,occupied_candidate
8.1,-1.9000000000000004,1,occupied_candidate
8.1,-1.6999999999999993,2,occupied_candidate
8.1,2.3000000000000007,10,occupied_candidate
8.1,8.3,1,occupied_candidate
8.1,8.5,1,occupied_candidate
8.1,8.7,3,occupied_candidate
8.3,-7.3,2,occupied_candidate
8.3,-7.1,2,occupied_candidate
8.3,-6.9,4,occupied_candidate
8.3,-6.699999999999999,4,occupied_candidate
8.3,-6.5,6,occupied_candidate
8.3,-6.3,5,occupied_candidate
8.3,-6.1,14,occupied_candidate
8.3,-3.5,4,occupied_candidate
8.3,-3.3,3,occupied_candidate
8.3,-3.0999999999999996,9,occupied_candidate
8.3,-2.8999999999999995,5,occupied_candidate
8.3,-2.6999999999999993,2,occupied_candidate
8.3,-2.5,4,occupied_candidate
8.3,-1.9000000000000004,1,occupied_candidate
8.3,-1.6999999999999993,1,occupied_candidate
8.3,-1.5,1,occupied_candidate
8.3,-1.299999999999999,2,occupied_candidate
8.3,-1.0999999999999996,2,occupied_candidate
8.3,2.3000000000000007,11,occupied_candidate
8.3,8.3,14,occupied_candidate
8.3,8.5,1,occupied_candidate
8.5,-7.5,1,occupied_candidate
8.5,-7.1,3,occupied_candidate
8.5,-6.9,3,occupied_candidate
8.5,-6.699999999999999,8,occupied_candidate
8.5,-6.5,4,occupied_candidate
8.5,-6.3,3,occupied_candidate
8.5,-6.1,11,occupied_candidate
8.5,-3.5,2,occupied_candidate
8.5,-3.3,3,occupied_candidate
8.5,-2.5,6,occupied_candidate
8.5,-2.3,8,occupied_candidate
8.5,-2.0999999999999996,6,occupied_candidate
8.5,-1.9000000000000004,1,occupied_candidate
8.5,-1.6999999999999993,1,occupied_candidate
8.5,-1.5,1,occupied_candidate
8.5,-1.299999999999999,1,occupied_candidate
8.5,-1.0999999999999996,1,occupied_candidate
8.5,-0.9000000000000004,1,occupied_candidate
8.5,2.3000000000000007,6,occupied_candidate
8.5,8.3,5,occupied_candidate
8.700000000000001,-7.699999999999999,1,occupied_candidate
8.700000000000001,-7.5,3,occupied_candidate
8.700000000000001,-7.1,2,occupied_candidate
8.700000000000001,-6.9,4,occupied_candidate
8.700000000000001,-6.699999999999999,8,occupied_candidate
8.700000000000001,-6.5,6,occupied_candidate
8.700000000000001,-6.3,6,occupied_candidate
8.700000000000001,-6.1,7,occupied_candidate
8.700000000000001,-5.8999999999999995,3,occupied_candidate
8.700000000000001,-3.5,2,occupied_candidate
8.700000000000001,-3.3,4,occupied_candidate
8.700000000000001,-3.0999999999999996,1,occupied_candidate
8.700000000000001,-2.8999999999999995,1,occupied_candidate
8.700000000000001,-2.6999999999999993,5,occupied_candidate
8.700000000000001,-2.3,4,occupied_candidate
8.700000000000001,-2.0999999999999996,9,occupied_candidate
8.700000000000001,-1.9000000000000004,1,occupied_candidate
8.700000000000001,-1.6999999999999993,1,occupied_candidate
8.700000000000001,-1.299999999999999,1,occupied_candidate
8.9,-7.1,1,occupied_candidate
8.9,-6.9,2,occupied_candidate
8.9,-6.699999999999999,14,occupied_candidate
8.9,-6.5,8,occupied_candidate
8.9,-6.3,15,occupied_candidate
8.9,-6.1,11,occupied_candidate
8.9,-5.8999999999999995,7,occupied_candidate
8.9,-3.5,1,occupied_candidate
8.9,-2.8999999999999995,1,occupied_candidate
8.9,-2.5,2,occupied_candidate
8.9,-2.3,2,occupied_candidate
8.9,-2.0999999999999996,5,occupied_candidate
8.9,-1.6999999999999993,1,occupied_candidate
8.9,-1.5,3,occupied_candidate
8.9,-1.299999999999999,2,occupied_candidate
9.1,-7.1,1,occupied_candidate
9.1,-6.9,2,occupied_candidate
9.1,-6.699999999999999,9,occupied_candidate
9.1,-6.5,2,occupied_candidate
9.1,-6.3,6,occupied_candidate
9.1,-6.1,12,occupied_candidate
9.1,-5.8999999999999995,11,occupied_candidate
9.1,-3.0999999999999996,2,occupied_candidate
9.1,-2.8999999999999995,1,occupied_candidate
9.1,-2.5,6,occupied_candidate
9.1,-2.3,4,occupied_candidate
9.1,-2.0999999999999996,5,occupied_candidate
9.1,-1.9000000000000004,1,occupied_candidate
9.3,-6.9,1,occupied_candidate
9.3,-6.699999999999999,1,occupied_candidate
9.3,-6.5,2,occupied_candidate
9.3,-6.3,8,occupied_candidate
9.3,-6.1,2,occupied_candidate
9.3,-5.8999999999999995,9,occupied_candidate
9.3,-2.6999999999999993,2,occupied_candidate
9.3,-2.3,1,occupied_candidate
9.3,-2.0999999999999996,4,occupied_candidate
9.3,-1.9000000000000004,1,occupied_candidate
9.3,-1.6999999999999993,2,occupied_candidate
9.3,8.7,2,occupied_candidate
9.3,8.900000000000002,9,occupied_candidate
9.5,-8.9,1,occupied_candidate
9.5,-8.3,1,occupied_candidate
9.5,-6.5,4,occupied_candidate
9.5,-6.3,6,occupied_candidate
9.5,-6.1,11,occupied_candidate
9.5,-5.8999999999999995,16,occupied_candidate
9.5,-2.5,1,occupied_candidate
9.5,-2.3,1,occupied_candidate
9.5,-2.0999999999999996,7,occupied_candidate
9.5,-1.5,3,occupied_candidate
9.5,-1.299999999999999,2,occupied_candidate
9.5,-1.0999999999999996,1,occupied_candidate
9.5,8.900000000000002,7,occupied_candidate
9.5,9.100000000000001,2,occupied_candidate
9.700000000000001,-6.3,1,occupied_candidate
9.700000000000001,-6.1,7,occupied_candidate
9.700000000000001,-5.8999999999999995,16,occupied_candidate
9.700000000000001,-5.7,1,occupied_candidate
9.700000000000001,-3.3,1,occupied_candidate
9.700000000000001,-3.0999999999999996,1,occupied_candidate
9.700000000000001,-2.8999999999999995,1,occupied_candidate
9.700000000000001,-2.5,2,occupied_candidate
9.700000000000001,-2.0999999999999996,4,occupied_candidate
9.700000000000001,-1.6999999999999993,1,occupied_candidate
9.700000000000001,8.900000000000002,6,occupied_candidate
9.9,-7.699999999999999,2,occupied_candidate
9.9,-6.3,2,occupied_candidate
9.9,-6.1,5,occupied_candidate
9.9,-5.8999999999999995,13,occupied_candidate
9.9,-3.5,2,occupied_candidate
9.9,-2.8999999999999995,1,occupied_candidate
9.9,-2.5,1,occupied_candidate
9.9,-2.3,2,occupied_candidate
9.9,-2.0999999999999996,6,occupied_candidate
9.9,-1.6999999999999993,1,occupied_candidate
9.9,-1.5,2,occupied_candidate
9.9,-1.299999999999999,2,occupied_candidate
9.9,8.900000000000002,6,occupied_candidate
10.100000000000001,-9.3,1,occupied_candidate
10.100000000000001,-7.699999999999999,1,occupied_candidate
10.100000000000001,-6.1,3,occupied_candidate
10.100000000000001,-5.8999999999999995,10,occupied_candidate
10.100000000000001,-5.7,6,occupied_candidate
10.100000000000001,-2.8999999999999995,1,occupied_candidate
10.100000000000001,-2.5,1,occupied_candidate
10.100000000000001,-2.0999999999999996,5,occupied_candidate
10.100000000000001,-1.6999999999999993,1,occupied_candidate
10.100000000000001,8.900000000000002,7,occupied_candidate
10.100000000000001,9.100000000000001,3,occupied_candidate
10.3,-8.9,1,occupied_candidate
10.3,-6.3,2,occupied_candidate
10.3,-6.1,3,occupied_candidate
10.3,-5.8999999999999995,8,occupied_candidate
10.3,-5.7,3,occupied_candidate
10.3,-2.5,1,occupied_candidate
10.3,-2.3,1,occupied_candidate
10.3,-2.0999999999999996,7,occupied_candidate
10.3,-1.6999999999999993,1,occupied_candidate
10.3,-1.5,3,occupied_candidate
10.3,-1.299999999999999,1,occupied_candidate
10.3,8.900000000000002,5,occupied_candidate
10.3,9.100000000000001,3,occupied_candidate
10.5,-6.5,1,occupied_candidate
10.5,-6.3,1,occupied_candidate
10.5,-6.1,4,occupied_candidate
10.5,-5.8999999999999995,9,occupied_candidate
10.5,-5.7,7,occupied_candidate
10.5,-5.5,1,occupied_candidate
10.5,-2.0999999999999996,4,occupied_candidate
10.5,9.100000000000001,2,occupied_candidate
10.700000000000001,-9.3,2,occupied_candidate
10.700000000000001,-6.5,1,occupied_candidate
10.700000000000001,-6.3,3,occupied_candidate
10.700000000000001,-6.1,2,occupied_candidate
10.700000000000001,-5.8999999999999995,5,occupied_candidate
10.700000000000001,-5.7,4,occupied_candidate
10.700000000000001,-5.5,1,occupied_candidate
10.700000000000001,-5.3,1,occupied_candidate
10.700000000000001,-2.8999999999999995,2,occupied_candidate
10.700000000000001,-2.3,2,occupied_candidate
10.700000000000001,-2.0999999999999996,2,occupied_candidate
10.700000000000001,-1.6999999999999993,1,occupied_candidate
10.700000000000001,9.100000000000001,1,occupied_candidate
10.9,-9.1,2,occupied_candidate
10.9,-6.3,1,occupied_candidate
10.9,-6.1,2,occupied_candidate
10.9,-5.8999999999999995,4,occupied_candidate
10.9,-5.7,14,occupied_candidate
10.9,-5.3,1,occupied_candidate
10.9,-5.1,1,occupied_candidate
10.9,-2.3,2,occupied_candidate
10.9,-2.0999999999999996,4,occupied_candidate
10.9,-1.5,2,occupied_candidate
11.100000000000001,-6.5,1,occupied_candidate
11.100000000000001,-6.1,4,occupied_candidate
11.100000000000001,-5.8999999999999995,5,occupied_candidate
11.100000000000001,-5.7,9,occupied_candidate
11.100000000000001,-5.5,1,occupied_candidate
11.100000000000001,-2.3,1,occupied_candidate
11.100000000000001,-2.0999999999999996,5,occupied_candidate
11.3,-8.5,1,occupied_candidate
11.3,-6.5,2,occupied_candidate
11.3,-6.3,1,occupied_candidate
11.3,-6.1,1,occupied_candidate
11.3,-5.8999999999999995,3,occupied_candidate
11.3,-5.7,14,occupied_candidate
11.3,-5.5,1,occupied_candidate
11.3,-5.3,1,occupied_candidate
11.3,-2.3,1,occupied_candidate
11.5,-6.5,1,occupied_candidate
11.5,-6.3,1,occupied_candidate
11.5,-5.7,15,occupied_candidate
11.5,-5.3,1,occupied_candidate
11.5,-2.3,3,occupied_candidate
11.5,-2.0999999999999996,2,occupied_candidate
11.700000000000001,-9.1,5,occupied_candidate
11.700000000000001,-6.3,1,occupied_candidate
11.700000000000001,-6.1,1,occupied_candidate
11.700000000000001,-5.8999999999999995,2,occupied_candidate
11.700000000000001,-5.7,11,occupied_candidate
11.700000000000001,-5.5,1,occupied_candidate
11.700000000000001,-2.3,2,occupied_candidate
11.700000000000001,-1.299999999999999,2,occupied_candidate
11.9,-9.3,1,occupied_candidate
11.9,-9.1,2,occupied_candidate
11.9,-6.1,1,occupied_candidate
11.9,-5.8999999999999995,5,occupied_candidate
11.9,-5.7,12,occupied_candidate
11.9,-5.5,2,occupied_candidate
11.9,-2.3,1,occupied_candidate
12.100000000000001,-5.8999999999999995,1,occupied_candidate
12.100000000000001,-5.7,12,occupied_candidate
12.100000000000001,-5.3,3,occupied_candidate
12.3,-5.8999999999999995,2,occupied_candidate
12.3,-5.7,17,occupied_candidate
12.3,-1.6999999999999993,1,occupied_candidate
12.5,-9.1,5,occupied_candidate
12.5,-8.7,1,occupied_candidate
12.5,-5.8999999999999995,4,occupied_candidate
12.5,-5.7,12,occupied_candidate
12.5,-1.6999999999999993,1,occupied_candidate
12.5,-1.5,1,occupied_candidate
12.700000000000001,-5.8999999999999995,5,occupied_candidate
12.700000000000001,-5.7,5,occupied_candidate
12.700000000000001,-5.5,3,occupied_candidate
12.700000000000001,-1.5,1,occupied_candidate
12.700000000000001,-1.299999999999999,1,occupied_candidate
12.700000000000001,-1.0999999999999996,1,occupied_candidate
12.9,-5.8999999999999995,4,occupied_candidate
12.9,-5.7,11,occupied_candidate
13.100000000000001,-5.8999999999999995,6,occupied_candidate
13.100000000000001,-5.7,10,occupied_candidate
13.100000000000001,-1.5,1,occupied_candidate
13.3,-9.1,1,occupied_candidate
13.3,-5.8999999999999995,10,occupied_candidate
13.3,-5.7,4,occupied_candidate
13.3,-1.5,1,occupied_candidate
13.5,-5.8999999999999995,10,occupied_candidate
13.5,-5.7,5,occupied_candidate
13.5,-1.6999999999999993,1,occupied_candidate
13.5,-1.5,1,occupied_candidate
13.700000000000001,-5.8999999999999995,10,occupied_candidate
13.700000000000001,-5.7,4,occupied_candidate
13.700000000000001,-1.5,1,occupied_candidate
13.700000000000001,-1.299999999999999,1,occupied_candidate
13.9,-5.8999999999999995,14,occupied_candidate
13.9,-5.7,1,occupied_candidate
14.100000000000001,-5.8999999999999995,12,occupied_candidate
14.100000000000001,-5.7,1,occupied_candidate
14.3,-5.8999999999999995,18,occupied_candidate
14.3,-1.5,1,occupied_candidate
14.5,-5.8999999999999995,9,occupied_candidate
14.700000000000001,-6.1,1,occupied_candidate
14.700000000000001,-5.8999999999999995,11,occupied_candidate
14.700000000000001,-5.7,1,occupied_candidate
14.9,-5.8999999999999995,13,occupied_candidate
14.9,-5.7,1,occupied_candidate
15.100000000000001,-5.8999999999999995,9,occupied_candidate
15.100000000000001,-5.7,4,occupied_candidate
15.3,-5.8999999999999995,6,occupied_candidate
15.3,-5.7,5,occupied_candidate
15.5,-5.8999999999999995,5,occupied_candidate
15.5,-5.7,2,occupied_candidate
15.700000000000001,-5.8999999999999995,7,occupied_candidate
15.700000000000001,-5.7,3,occupied_candidate
15.9,-5.8999999999999995,4,occupied_candidate
15.9,-5.7,6,occupied_candidate
16.1,-5.8999999999999995,3,occupied_candidate
16.1,-5.7,4,occupied_candidate
16.3,-5.8999999999999995,2,occupied_candidate
16.3,-5.7,2,occupied_candidate
16.5,-5.8999999999999995,1,occupied_candidate
16.5,-5.7,5,occupied_candidate
16.7,-5.8999999999999995,6,occupied_candidate
16.7,-5.7,3,occupied_candidate
16.900000000000002,-5.8999999999999995,5,occupied_candidate
16.900000000000002,-5.7,1,occupied_candidate
17.1,-5.8999999999999995,4,occupied_candidate
17.1,-5.7,3,occupied_candidate
17.3,-5.8999999999999995,3,occupied_candidate
17.3,-5.7,3,occupied_candidate
17.5,-5.8999999999999995,7,occupied_candidate
17.7,-5.8999999999999995,6,occupied_candidate
17.900000000000002,-5.8999999999999995,7,occupied_candidate
18.1,-6.1,1,occupied_candidate
18.1,-5.8999999999999995,10,occupied_candidate
18.3,-5.8999999999999995,8,occupied_candidate
18.5,-5.8999999999999995,9,occupied_candidate
18.7,-6.1,2,occupied_candidate
18.7,-5.8999999999999995,8,occupied_candidate
18.7,-5.7,1,occupied_candidate
18.900000000000002,-5.8999999999999995,5,occupied_candidate
18.900000000000002,-5.7,3,occupied_candidate
19.1,-5.8999999999999995,5,occupied_candidate
19.1,-5.7,2,occupied_candidate
19.3,-5.8999999999999995,1,occupied_candidate
19.3,-5.7,9,occupied_candidate
19.5,-5.8999999999999995,4,occupied_candidate
19.5,-5.7,6,occupied_candidate
19.700000000000003,-5.8999999999999995,2,occupied_candidate
19.700000000000003,-5.7,7,occupied_candidate
19.900000000000002,-5.7,9,occupied_candidate
20.1,-5.7,9,occupied_candidate
20.3,-5.7,7,occupied_candidate
20.5,-5.7,5,occupied_candidate
20.5,-5.5,1,occupied_candidate
20.5,-3.8999999999999995,2,occupied_candidate
20.700000000000003,-5.7,6,occupied_candidate
20.900000000000002,-5.7,5,occupied_candidate
20.900000000000002,-5.5,2,occupied_candidate
21.1,-5.7,5,occupied_candidate
21.3,-5.7,6,occupied_candidate
21.5,-5.7,8,occupied_candidate
21.700000000000003,-5.7,4,occupied_candidate
21.900000000000002,-5.7,9,occupied_candidate
21.900000000000002,-4.3,1,occupied_candidate
22.1,-5.7,9,occupied_candidate
22.1,-4.3,1,occupied_candidate
22.1,-4.1,1,occupied_candidate
22.3,-5.7,4,occupied_candidate
22.3,-4.1,1,occupied_candidate
22.5,-5.7,5,occupied_candidate
22.5,-3.8999999999999995,1,occupied_candidate
22.700000000000003,-5.8999999999999995,1,occupied_candidate
22.700000000000003,-5.7,10,occupied_candidate
22.700000000000003,-3.8999999999999995,1,occupied_candidate
22.900000000000002,-5.8999999999999995,1,occupied_candidate
22.900000000000002,-5.7,8,occupied_candidate
23.1,-5.7,7,occupied_candidate
23.1,-4.699999999999999,1,occupied_candidate
23.3,-5.7,5,occupied_candidate
23.3,-4.5,1,occupied_candidate
23.5,-5.8999999999999995,1,occupied_candidate
23.5,-5.7,7,occupied_candidate
23.5,-4.5,1,occupied_candidate
23.700000000000003,-5.8999999999999995,1,occupied_candidate
23.700000000000003,-5.7,3,occupied_candidate
23.700000000000003,-4.3,1,occupied_candidate
23.700000000000003,-4.1,1,occupied_candidate
23.900000000000002,-5.7,5,occupied_candidate
23.900000000000002,-4.1,1,occupied_candidate
23.900000000000002,-3.8999999999999995,1,occupied_candidate
24.1,-5.8999999999999995,2,occupied_candidate
24.1,-5.7,13,occupied_candidate
24.1,5.9,1,occupied_candidate
24.1,6.100000000000001,1,occupied_candidate
24.3,-5.8999999999999995,1,occupied_candidate
24.3,-5.7,6,occupied_candidate
24.3,-3.8999999999999995,2,occupied_candidate
24.5,-5.8999999999999995,3,occupied_candidate
24.5,-5.7,2,occupied_candidate
24.700000000000003,-5.7,6,occupied_candidate
24.900000000000002,-5.7,7,occupied_candidate
25.1,-5.7,8,occupied_candidate
25.1,-5.1,1,occupied_candidate
25.3,-5.7,9,occupied_candidate
25.3,-5.1,1,occupied_candidate
25.5,-5.7,8,occupied_candidate
25.5,-5.5,1,occupied_candidate
25.5,-4.8999999999999995,1,occupied_candidate
25.5,-4.699999999999999,1,occupied_candidate
25.700000000000003,-5.8999999999999995,1,occupied_candidate
25.700000000000003,-5.7,6,occupied_candidate
25.700000000000003,-4.699999999999999,1,occupied_candidate
25.700000000000003,6.5,1,occupied_candidate
25.900000000000002,-5.8999999999999995,3,occupied_candidate
25.900000000000002,-5.7,5,occupied_candidate
25.900000000000002,-4.5,1,occupied_candidate
25.900000000000002,6.300000000000001,2,occupied_candidate
25.900000000000002,6.5,1,occupied_candidate
26.1,-5.8999999999999995,2,occupied_candidate
26.1,-5.7,6,occupied_candidate
26.1,-4.5,1,occupied_candidate
26.1,-4.3,1,occupied_candidate
26.1,6.100000000000001,2,occupied_candidate
26.3,-5.7,7,occupied_candidate
26.3,-4.3,1,occupied_candidate
26.3,5.9,1,occupied_candidate
26.5,-5.7,3,occupied_candidate
26.5,-4.1,2,occupied_candidate
26.700000000000003,-5.7,2,occupied_candidate
26.700000000000003,-3.8999999999999995,1,occupied_candidate
26.900000000000002,-5.8999999999999995,2,occupied_candidate
26.900000000000002,-3.8999999999999995,1,occupied_candidate
27.1,-5.8999999999999995,1,occupied_candidate
27.1,-5.5,1,occupied_candidate
27.1,-3.8999999999999995,1,occupied_candidate
27.3,-5.7,1,occupied_candidate
27.3,-5.5,1,occupied_candidate
27.3,-5.3,1,occupied_candidate
27.3,-3.8999999999999995,1,occupied_candidate
27.5,-5.8999999999999995,4,occupied_candidate
27.5,-5.3,1,occupied_candidate
27.5,-5.1,1,occupied_candidate
27.700000000000003,-5.8999999999999995,3,occupied_candidate
27.700000000000003,-5.1,2,occupied_candidate
27.700000000000003,-3.6999999999999993,1,occupied_candidate
27.900000000000002,-5.8999999999999995,2,occupied_candidate
27.900000000000002,-4.8999999999999995,1,occupied_candidate
28.1,-5.8999999999999995,2,occupied_candidate
28.1,-4.8999999999999995,1,occupied_candidate
28.1,6.5,1,occupied_candidate
28.1,6.699999999999999,1,occupied_candidate
28.1,6.900000000000002,2,occupied_candidate
28.1,7.100000000000001,1,occupied_candidate
28.1,7.300000000000001,2,occupied_candidate
28.3,-5.8999999999999995,9,occupied_candidate
28.3,-4.699999999999999,1,occupied_candidate
28.3,6.5,1,occupied_candidate
28.5,-5.8999999999999995,4,occupied_candidate
28.5,-4.699999999999999,1,occupied_candidate
28.5,6.100000000000001,1,occupied_candidate
28.700000000000003,-5.8999999999999995,3,occupied_candidate
28.700000000000003,-5.5,2,occupied_candidate
28.700000000000003,-4.5,1,occupied_candidate
28.700000000000003,5.9,1,occupied_candidate
28.700000000000003,6.100000000000001,1,occupied_candidate
28.900000000000002,-5.8999999999999995,4,occupied_candidate
28.900000000000002,-4.5,1,occupied_candidate
28.900000000000002,5.700000000000001,1,occupied_candidate
29.1,-5.8999999999999995,4,occupied_candidate
29.1,-4.5,1,occupied_candidate
29.1,-4.3,1,occupied_candidate
29.3,-5.8999999999999995,2,occupied_candidate
29.3,-5.7,1,occupied_candidate
29.3,-4.3,2,occupied_candidate
29.5,-5.8999999999999995,4,occupied_candidate
29.5,-4.1,1,occupied_candidate
29.700000000000003,-5.8999999999999995,5,occupied_candidate
29.700000000000003,-4.1,1,occupied_candidate
29.700000000000003,-3.8999999999999995,1,occupied_candidate
29.900000000000002,-5.8999999999999995,1,occupied_candidate
29.900000000000002,-3.8999999999999995,1,occupied_candidate
